[
  {
    "id": "arena_1",
    "name": "Madison Square Garden",
    "city": "New York",
    "state": "NY",
    "country": "USA",
    "capacity": 18000,
    "popularity": 980,
    "rentalCost": 250000
  },
  {
    "id": "arena_2",
    "name": "Staples Center",
    "city": "Los Angeles",
    "state": "CA",
    "country": "USA",
    "capacity": 19000,
    "popularity": 900,
    "rentalCost": 220000
  },
  {
    "id": "arena_3",
    "name": "The Grand Arena",
    "city": "London",
    "state": null,
    "country": "UK",
    "capacity": 12000,
    "popularity": 750,
    "rentalCost": 150000
  }
]