[
  {
    "id": "brand_1",
    "name": "Fed1 Brand 1",
    "federationIds": [
      "fed_1"
    ]
  },
  {
    "id": "brand_2",
    "name": "Fed1 Brand 2",
    "federationIds": [
      "fed_1"
    ]
  },
  {
    "id": "brand_3",
    "name": "Fed2 Brand 1",
    "federationIds": [
      "fed_2"
    ]
  },
  {
    "id": "brand_4",
    "name": "Fed2 Brand 2",
    "federationIds": [
      "fed_2"
    ]
  },
  {
    "id": "brand_5",
    "name": "Fed3 Brand 1",
    "federationIds": [
      "fed_3"
    ]
  },
  {
    "id": "brand_6",
    "name": "Fed3 Brand 2",
    "federationIds": [
      "fed_3"
    ]
  }
]