[
  {
    "id": "fed_1",
    "name": "Federation 1",
    "ownerId": null,
    "vpId": null,
    "contentOfficerId": null,
    "initialFunds": 1000000,
    "continentsServing": [
      "North America"
    ],
    "size": "major",
    "yearEstablished": 2001
  },
  {
    "id": "fed_2",
    "name": "Federation 2",
    "ownerId": null,
    "vpId": null,
    "contentOfficerId": null,
    "initialFunds": 1000000,
    "continentsServing": [
      "North America"
    ],
    "size": "major",
    "yearEstablished": 2002
  },
  {
    "id": "fed_3",
    "name": "Federation 3",
    "ownerId": null,
    "vpId": null,
    "contentOfficerId": null,
    "initialFunds": 1000000,
    "continentsServing": [
      "North America"
    ],
    "size": "major",
    "yearEstablished": 2003
  }
]