
[
  { "id": "gim_normal", "name": "Normal", "description": "Standard match without special rules." },
  { "id": "gim_no_dq", "name": "No DQ", "description": "No disqualification match." },
  { "id": "gim_ladder", "name": "Ladder", "description": "Ladder match." },
  { "id": "gim_cage", "name": "Cage", "description": "Steel cage match." },
  { "id": "gim_submission_only", "name": "Submission Only", "description": "Only way to win is by submission." },
  { "id": "gim_iron_man", "name": "Iron Man", "description": "Timed match with multiple falls." },
  { "id": "gim_battle_royal", "name": "Battle Royal", "description": "Many wrestlers compete at once, elimination by being thrown over the top rope." }
]