[
  {
    "id": "show_1_1",
    "name": "F1 Weekly Show 1",
    "federationId": "fed_1",
    "brandId": "brand_1"
  },
  {
    "id": "show_1_2",
    "name": "F1 Weekly Show 2",
    "federationId": "fed_1",
    "brandId": "brand_2"
  },
  {
    "id": "show_2_1",
    "name": "F2 Weekly Show 1",
    "federationId": "fed_2",
    "brandId": "brand_3"
  },
  {
    "id": "show_2_2",
    "name": "F2 Weekly Show 2",
    "federationId": "fed_2",
    "brandId": "brand_4"
  },
  {
    "id": "show_3_1",
    "name": "F3 Weekly Show 1",
    "federationId": "fed_3",
    "brandId": "brand_5"
  },
  {
    "id": "show_3_2",
    "name": "F3 Weekly Show 2",
    "federationId": "fed_3",
    "brandId": "brand_6"
  }
]