[
  {
    "id": "ppv_1_1",
    "name": "F1 PPV 1",
    "prestige": 520,
    "isBiggestEventOfYear": false,
    "numberOfNights": 1,
    "federationIds": [
      "fed_1"
    ],
    "brandIds": [
      "brand_1",
      "brand_2"
    ],
    "runMonth": 1,
    "runWeekendOfMonth": 1
  },
  {
    "id": "ppv_1_2",
    "name": "F1 PPV 2",
    "prestige": 452,
    "isBiggestEventOfYear": false,
    "numberOfNights": 1,
    "federationIds": [
      "fed_1"
    ],
    "brandIds": [
      "brand_1",
      "brand_2"
    ],
    "runMonth": 2,
    "runWeekendOfMonth": 1
  },
  {
    "id": "ppv_1_3",
    "name": "F1 PPV 3",
    "prestige": 474,
    "isBiggestEventOfYear": false,
    "numberOfNights": 1,
    "federationIds": [
      "fed_1"
    ],
    "brandIds": [
      "brand_1",
      "brand_2"
    ],
    "runMonth": 3,
    "runWeekendOfMonth": 1
  },
  {
    "id": "ppv_1_4",
    "name": "F1 PPV 4",
    "prestige": 531,
    "isBiggestEventOfYear": true,
    "numberOfNights": 1,
    "federationIds": [
      "fed_1"
    ],
    "brandIds": [
      "brand_1",
      "brand_2"
    ],
    "runMonth": 4,
    "runWeekendOfMonth": 1
  },
  {
    "id": "ppv_1_5",
    "name": "F1 PPV 5",
    "prestige": 501,
    "isBiggestEventOfYear": false,
    "numberOfNights": 1,
    "federationIds": [
      "fed_1"
    ],
    "brandIds": [
      "brand_1",
      "brand_2"
    ],
    "runMonth": 5,
    "runWeekendOfMonth": 1
  },
  {
    "id": "ppv_1_6",
    "name": "F1 PPV 6",
    "prestige": 488,
    "isBiggestEventOfYear": false,
    "numberOfNights": 1,
    "federationIds": [
      "fed_1"
    ],
    "brandIds": [
      "brand_1",
      "brand_2"
    ],
    "runMonth": 6,
    "runWeekendOfMonth": 1
  },
  {
    "id": "ppv_1_7",
    "name": "F1 PPV 7",
    "prestige": 708,
    "isBiggestEventOfYear": false,
    "numberOfNights": 1,
    "federationIds": [
      "fed_1"
    ],
    "brandIds": [
      "brand_1",
      "brand_2"
    ],
    "runMonth": 7,
    "runWeekendOfMonth": 1
  },
  {
    "id": "ppv_1_8",
    "name": "F1 PPV 8",
    "prestige": 478,
    "isBiggestEventOfYear": false,
    "numberOfNights": 1,
    "federationIds": [
      "fed_1"
    ],
    "brandIds": [
      "brand_1",
      "brand_2"
    ],
    "runMonth": 8,
    "runWeekendOfMonth": 1
  },
  {
    "id": "ppv_1_9",
    "name": "F1 PPV 9",
    "prestige": 789,
    "isBiggestEventOfYear": false,
    "numberOfNights": 1,
    "federationIds": [
      "fed_1"
    ],
    "brandIds": [
      "brand_1",
      "brand_2"
    ],
    "runMonth": 9,
    "runWeekendOfMonth": 1
  },
  {
    "id": "ppv_1_10",
    "name": "F1 PPV 10",
    "prestige": 788,
    "isBiggestEventOfYear": false,
    "numberOfNights": 1,
    "federationIds": [
      "fed_1"
    ],
    "brandIds": [
      "brand_1",
      "brand_2"
    ],
    "runMonth": 10,
    "runWeekendOfMonth": 1
  },
  {
    "id": "ppv_1_11",
    "name": "F1 PPV 11",
    "prestige": 735,
    "isBiggestEventOfYear": false,
    "numberOfNights": 1,
    "federationIds": [
      "fed_1"
    ],
    "brandIds": [
      "brand_1",
      "brand_2"
    ],
    "runMonth": 11,
    "runWeekendOfMonth": 1
  },
  {
    "id": "ppv_1_12",
    "name": "F1 PPV 12",
    "prestige": 438,
    "isBiggestEventOfYear": false,
    "numberOfNights": 1,
    "federationIds": [
      "fed_1"
    ],
    "brandIds": [
      "brand_1",
      "brand_2"
    ],
    "runMonth": 12,
    "runWeekendOfMonth": 1
  },
  {
    "id": "ppv_2_1",
    "name": "F2 PPV 1",
    "prestige": 540,
    "isBiggestEventOfYear": false,
    "numberOfNights": 1,
    "federationIds": [
      "fed_2"
    ],
    "brandIds": [
      "brand_3",
      "brand_4"
    ],
    "runMonth": 1,
    "runWeekendOfMonth": 1
  },
  {
    "id": "ppv_2_2",
    "name": "F2 PPV 2",
    "prestige": 515,
    "isBiggestEventOfYear": false,
    "numberOfNights": 1,
    "federationIds": [
      "fed_2"
    ],
    "brandIds": [
      "brand_3",
      "brand_4"
    ],
    "runMonth": 2,
    "runWeekendOfMonth": 1
  },
  {
    "id": "ppv_2_3",
    "name": "F2 PPV 3",
    "prestige": 675,
    "isBiggestEventOfYear": false,
    "numberOfNights": 1,
    "federationIds": [
      "fed_2"
    ],
    "brandIds": [
      "brand_3",
      "brand_4"
    ],
    "runMonth": 3,
    "runWeekendOfMonth": 1
  },
  {
    "id": "ppv_2_4",
    "name": "F2 PPV 4",
    "prestige": 547,
    "isBiggestEventOfYear": true,
    "numberOfNights": 1,
    "federationIds": [
      "fed_2"
    ],
    "brandIds": [
      "brand_3",
      "brand_4"
    ],
    "runMonth": 4,
    "runWeekendOfMonth": 1
  },
  {
    "id": "ppv_2_5",
    "name": "F2 PPV 5",
    "prestige": 486,
    "isBiggestEventOfYear": false,
    "numberOfNights": 1,
    "federationIds": [
      "fed_2"
    ],
    "brandIds": [
      "brand_3",
      "brand_4"
    ],
    "runMonth": 5,
    "runWeekendOfMonth": 1
  },
  {
    "id": "ppv_2_6",
    "name": "F2 PPV 6",
    "prestige": 799,
    "isBiggestEventOfYear": false,
    "numberOfNights": 1,
    "federationIds": [
      "fed_2"
    ],
    "brandIds": [
      "brand_3",
      "brand_4"
    ],
    "runMonth": 6,
    "runWeekendOfMonth": 1
  },
  {
    "id": "ppv_2_7",
    "name": "F2 PPV 7",
    "prestige": 634,
    "isBiggestEventOfYear": false,
    "numberOfNights": 1,
    "federationIds": [
      "fed_2"
    ],
    "brandIds": [
      "brand_3",
      "brand_4"
    ],
    "runMonth": 7,
    "runWeekendOfMonth": 1
  },
  {
    "id": "ppv_2_8",
    "name": "F2 PPV 8",
    "prestige": 689,
    "isBiggestEventOfYear": false,
    "numberOfNights": 1,
    "federationIds": [
      "fed_2"
    ],
    "brandIds": [
      "brand_3",
      "brand_4"
    ],
    "runMonth": 8,
    "runWeekendOfMonth": 1
  },
  {
    "id": "ppv_2_9",
    "name": "F2 PPV 9",
    "prestige": 780,
    "isBiggestEventOfYear": false,
    "numberOfNights": 1,
    "federationIds": [
      "fed_2"
    ],
    "brandIds": [
      "brand_3",
      "brand_4"
    ],
    "runMonth": 9,
    "runWeekendOfMonth": 1
  },
  {
    "id": "ppv_2_10",
    "name": "F2 PPV 10",
    "prestige": 795,
    "isBiggestEventOfYear": false,
    "numberOfNights": 1,
    "federationIds": [
      "fed_2"
    ],
    "brandIds": [
      "brand_3",
      "brand_4"
    ],
    "runMonth": 10,
    "runWeekendOfMonth": 1
  },
  {
    "id": "ppv_2_11",
    "name": "F2 PPV 11",
    "prestige": 792,
    "isBiggestEventOfYear": false,
    "numberOfNights": 1,
    "federationIds": [
      "fed_2"
    ],
    "brandIds": [
      "brand_3",
      "brand_4"
    ],
    "runMonth": 11,
    "runWeekendOfMonth": 1
  },
  {
    "id": "ppv_2_12",
    "name": "F2 PPV 12",
    "prestige": 653,
    "isBiggestEventOfYear": false,
    "numberOfNights": 1,
    "federationIds": [
      "fed_2"
    ],
    "brandIds": [
      "brand_3",
      "brand_4"
    ],
    "runMonth": 12,
    "runWeekendOfMonth": 1
  },
  {
    "id": "ppv_3_1",
    "name": "F3 PPV 1",
    "prestige": 478,
    "isBiggestEventOfYear": false,
    "numberOfNights": 1,
    "federationIds": [
      "fed_3"
    ],
    "brandIds": [
      "brand_5",
      "brand_6"
    ],
    "runMonth": 1,
    "runWeekendOfMonth": 1
  },
  {
    "id": "ppv_3_2",
    "name": "F3 PPV 2",
    "prestige": 565,
    "isBiggestEventOfYear": false,
    "numberOfNights": 1,
    "federationIds": [
      "fed_3"
    ],
    "brandIds": [
      "brand_5",
      "brand_6"
    ],
    "runMonth": 2,
    "runWeekendOfMonth": 1
  },
  {
    "id": "ppv_3_3",
    "name": "F3 PPV 3",
    "prestige": 705,
    "isBiggestEventOfYear": false,
    "numberOfNights": 1,
    "federationIds": [
      "fed_3"
    ],
    "brandIds": [
      "brand_5",
      "brand_6"
    ],
    "runMonth": 3,
    "runWeekendOfMonth": 1
  },
  {
    "id": "ppv_3_4",
    "name": "F3 PPV 4",
    "prestige": 426,
    "isBiggestEventOfYear": true,
    "numberOfNights": 1,
    "federationIds": [
      "fed_3"
    ],
    "brandIds": [
      "brand_5",
      "brand_6"
    ],
    "runMonth": 4,
    "runWeekendOfMonth": 1
  },
  {
    "id": "ppv_3_5",
    "name": "F3 PPV 5",
    "prestige": 796,
    "isBiggestEventOfYear": false,
    "numberOfNights": 1,
    "federationIds": [
      "fed_3"
    ],
    "brandIds": [
      "brand_5",
      "brand_6"
    ],
    "runMonth": 5,
    "runWeekendOfMonth": 1
  },
  {
    "id": "ppv_3_6",
    "name": "F3 PPV 6",
    "prestige": 720,
    "isBiggestEventOfYear": false,
    "numberOfNights": 1,
    "federationIds": [
      "fed_3"
    ],
    "brandIds": [
      "brand_5",
      "brand_6"
    ],
    "runMonth": 6,
    "runWeekendOfMonth": 1
  },
  {
    "id": "ppv_3_7",
    "name": "F3 PPV 7",
    "prestige": 715,
    "isBiggestEventOfYear": false,
    "numberOfNights": 1,
    "federationIds": [
      "fed_3"
    ],
    "brandIds": [
      "brand_5",
      "brand_6"
    ],
    "runMonth": 7,
    "runWeekendOfMonth": 1
  },
  {
    "id": "ppv_3_8",
    "name": "F3 PPV 8",
    "prestige": 738,
    "isBiggestEventOfYear": false,
    "numberOfNights": 1,
    "federationIds": [
      "fed_3"
    ],
    "brandIds": [
      "brand_5",
      "brand_6"
    ],
    "runMonth": 8,
    "runWeekendOfMonth": 1
  },
  {
    "id": "ppv_3_9",
    "name": "F3 PPV 9",
    "prestige": 554,
    "isBiggestEventOfYear": false,
    "numberOfNights": 1,
    "federationIds": [
      "fed_3"
    ],
    "brandIds": [
      "brand_5",
      "brand_6"
    ],
    "runMonth": 9,
    "runWeekendOfMonth": 1
  },
  {
    "id": "ppv_3_10",
    "name": "F3 PPV 10",
    "prestige": 651,
    "isBiggestEventOfYear": false,
    "numberOfNights": 1,
    "federationIds": [
      "fed_3"
    ],
    "brandIds": [
      "brand_5",
      "brand_6"
    ],
    "runMonth": 10,
    "runWeekendOfMonth": 1
  },
  {
    "id": "ppv_3_11",
    "name": "F3 PPV 11",
    "prestige": 693,
    "isBiggestEventOfYear": false,
    "numberOfNights": 1,
    "federationIds": [
      "fed_3"
    ],
    "brandIds": [
      "brand_5",
      "brand_6"
    ],
    "runMonth": 11,
    "runWeekendOfMonth": 1
  },
  {
    "id": "ppv_3_12",
    "name": "F3 PPV 12",
    "prestige": 681,
    "isBiggestEventOfYear": false,
    "numberOfNights": 1,
    "federationIds": [
      "fed_3"
    ],
    "brandIds": [
      "brand_5",
      "brand_6"
    ],
    "runMonth": 12,
    "runWeekendOfMonth": 1
  }
]