[
  {
    "id": "stable_1_1",
    "name": "F1 Stable 1",
    "memberIds": [
      "wrestler_3",
      "wrestler_2",
      "wrestler_39",
      "wrestler_32"
    ]
  },
  {
    "id": "stable_1_2",
    "name": "F1 Stable 2",
    "memberIds": [
      "wrestler_9",
      "wrestler_10",
      "wrestler_34",
      "wrestler_36"
    ]
  },
  {
    "id": "stable_2_1",
    "name": "F2 Stable 1",
    "memberIds": [
      "wrestler_78",
      "wrestler_77",
      "wrestler_108",
      "wrestler_110"
    ]
  },
  {
    "id": "stable_2_2",
    "name": "F2 Stable 2",
    "memberIds": [
      "wrestler_73",
      "wrestler_72",
      "wrestler_110",
      "wrestler_101"
    ]
  },
  {
    "id": "stable_3_1",
    "name": "F3 Stable 1",
    "memberIds": [
      "wrestler_145",
      "wrestler_149",
      "wrestler_175",
      "wrestler_173"
    ]
  },
  {
    "id": "stable_3_2",
    "name": "F3 Stable 2",
    "memberIds": [
      "wrestler_143",
      "wrestler_145",
      "wrestler_171",
      "wrestler_176"
    ]
  }
]