[
  {
    "id": "tag_1_1_M",
    "name": "F1 Male TagTeam 1",
    "memberIds": [
      "wrestler_1",
      "wrestler_2"
    ]
  },
  {
    "id": "tag_1_2_M",
    "name": "F1 Male TagTeam 2",
    "memberIds": [
      "wrestler_3",
      "wrestler_4"
    ]
  },
  {
    "id": "tag_1_3_M",
    "name": "F1 Male TagTeam 3",
    "memberIds": [
      "wrestler_5",
      "wrestler_6"
    ]
  },
  {
    "id": "tag_1_4_M",
    "name": "F1 Male TagTeam 4",
    "memberIds": [
      "wrestler_7",
      "wrestler_8"
    ]
  },
  {
    "id": "tag_1_5_M",
    "name": "F1 Male TagTeam 5",
    "memberIds": [
      "wrestler_9",
      "wrestler_10"
    ]
  },
  {
    "id": "tag_1_6_M",
    "name": "F1 Male TagTeam 6",
    "memberIds": [
      "wrestler_11",
      "wrestler_12"
    ]
  },
  {
    "id": "tag_1_7_M",
    "name": "F1 Male TagTeam 7",
    "memberIds": [
      "wrestler_13",
      "wrestler_14"
    ]
  },
  {
    "id": "tag_1_8_M",
    "name": "F1 Male TagTeam 8",
    "memberIds": [
      "wrestler_15",
      "wrestler_16"
    ]
  },
  {
    "id": "tag_1_1_F",
    "name": "F1 Female TagTeam 1",
    "memberIds": [
      "wrestler_31",
      "wrestler_32"
    ]
  },
  {
    "id": "tag_1_2_F",
    "name": "F1 Female TagTeam 2",
    "memberIds": [
      "wrestler_33",
      "wrestler_34"
    ]
  },
  {
    "id": "tag_1_3_F",
    "name": "F1 Female TagTeam 3",
    "memberIds": [
      "wrestler_35",
      "wrestler_36"
    ]
  },
  {
    "id": "tag_1_4_F",
    "name": "F1 Female TagTeam 4",
    "memberIds": [
      "wrestler_37",
      "wrestler_38"
    ]
  },
  {
    "id": "tag_1_5_F",
    "name": "F1 Female TagTeam 5",
    "memberIds": [
      "wrestler_39",
      "wrestler_40"
    ]
  },
  {
    "id": "tag_1_6_F",
    "name": "F1 Female TagTeam 6",
    "memberIds": [
      "wrestler_41",
      "wrestler_42"
    ]
  },
  {
    "id": "tag_1_7_F",
    "name": "F1 Female TagTeam 7",
    "memberIds": [
      "wrestler_43",
      "wrestler_44"
    ]
  },
  {
    "id": "tag_1_8_F",
    "name": "F1 Female TagTeam 8",
    "memberIds": [
      "wrestler_45",
      "wrestler_46"
    ]
  },
  {
    "id": "tag_2_1_M",
    "name": "F2 Male TagTeam 1",
    "memberIds": [
      "wrestler_71",
      "wrestler_72"
    ]
  },
  {
    "id": "tag_2_2_M",
    "name": "F2 Male TagTeam 2",
    "memberIds": [
      "wrestler_73",
      "wrestler_74"
    ]
  },
  {
    "id": "tag_2_3_M",
    "name": "F2 Male TagTeam 3",
    "memberIds": [
      "wrestler_75",
      "wrestler_76"
    ]
  },
  {
    "id": "tag_2_4_M",
    "name": "F2 Male TagTeam 4",
    "memberIds": [
      "wrestler_77",
      "wrestler_78"
    ]
  },
  {
    "id": "tag_2_5_M",
    "name": "F2 Male TagTeam 5",
    "memberIds": [
      "wrestler_79",
      "wrestler_80"
    ]
  },
  {
    "id": "tag_2_6_M",
    "name": "F2 Male TagTeam 6",
    "memberIds": [
      "wrestler_81",
      "wrestler_82"
    ]
  },
  {
    "id": "tag_2_7_M",
    "name": "F2 Male TagTeam 7",
    "memberIds": [
      "wrestler_83",
      "wrestler_84"
    ]
  },
  {
    "id": "tag_2_8_M",
    "name": "F2 Male TagTeam 8",
    "memberIds": [
      "wrestler_85",
      "wrestler_86"
    ]
  },
  {
    "id": "tag_2_1_F",
    "name": "F2 Female TagTeam 1",
    "memberIds": [
      "wrestler_101",
      "wrestler_102"
    ]
  },
  {
    "id": "tag_2_2_F",
    "name": "F2 Female TagTeam 2",
    "memberIds": [
      "wrestler_103",
      "wrestler_104"
    ]
  },
  {
    "id": "tag_2_3_F",
    "name": "F2 Female TagTeam 3",
    "memberIds": [
      "wrestler_105",
      "wrestler_106"
    ]
  },
  {
    "id": "tag_2_4_F",
    "name": "F2 Female TagTeam 4",
    "memberIds": [
      "wrestler_107",
      "wrestler_108"
    ]
  },
  {
    "id": "tag_2_5_F",
    "name": "F2 Female TagTeam 5",
    "memberIds": [
      "wrestler_109",
      "wrestler_110"
    ]
  },
  {
    "id": "tag_2_6_F",
    "name": "F2 Female TagTeam 6",
    "memberIds": [
      "wrestler_111",
      "wrestler_112"
    ]
  },
  {
    "id": "tag_2_7_F",
    "name": "F2 Female TagTeam 7",
    "memberIds": [
      "wrestler_113",
      "wrestler_114"
    ]
  },
  {
    "id": "tag_2_8_F",
    "name": "F2 Female TagTeam 8",
    "memberIds": [
      "wrestler_115",
      "wrestler_116"
    ]
  },
  {
    "id": "tag_3_1_M",
    "name": "F3 Male TagTeam 1",
    "memberIds": [
      "wrestler_141",
      "wrestler_142"
    ]
  },
  {
    "id": "tag_3_2_M",
    "name": "F3 Male TagTeam 2",
    "memberIds": [
      "wrestler_143",
      "wrestler_144"
    ]
  },
  {
    "id": "tag_3_3_M",
    "name": "F3 Male TagTeam 3",
    "memberIds": [
      "wrestler_145",
      "wrestler_146"
    ]
  },
  {
    "id": "tag_3_4_M",
    "name": "F3 Male TagTeam 4",
    "memberIds": [
      "wrestler_147",
      "wrestler_148"
    ]
  },
  {
    "id": "tag_3_5_M",
    "name": "F3 Male TagTeam 5",
    "memberIds": [
      "wrestler_149",
      "wrestler_150"
    ]
  },
  {
    "id": "tag_3_6_M",
    "name": "F3 Male TagTeam 6",
    "memberIds": [
      "wrestler_151",
      "wrestler_152"
    ]
  },
  {
    "id": "tag_3_7_M",
    "name": "F3 Male TagTeam 7",
    "memberIds": [
      "wrestler_153",
      "wrestler_154"
    ]
  },
  {
    "id": "tag_3_8_M",
    "name": "F3 Male TagTeam 8",
    "memberIds": [
      "wrestler_155",
      "wrestler_156"
    ]
  },
  {
    "id": "tag_3_1_F",
    "name": "F3 Female TagTeam 1",
    "memberIds": [
      "wrestler_171",
      "wrestler_172"
    ]
  },
  {
    "id": "tag_3_2_F",
    "name": "F3 Female TagTeam 2",
    "memberIds": [
      "wrestler_173",
      "wrestler_174"
    ]
  },
  {
    "id": "tag_3_3_F",
    "name": "F3 Female TagTeam 3",
    "memberIds": [
      "wrestler_175",
      "wrestler_176"
    ]
  },
  {
    "id": "tag_3_4_F",
    "name": "F3 Female TagTeam 4",
    "memberIds": [
      "wrestler_177",
      "wrestler_178"
    ]
  },
  {
    "id": "tag_3_5_F",
    "name": "F3 Female TagTeam 5",
    "memberIds": [
      "wrestler_179",
      "wrestler_180"
    ]
  },
  {
    "id": "tag_3_6_F",
    "name": "F3 Female TagTeam 6",
    "memberIds": [
      "wrestler_181",
      "wrestler_182"
    ]
  },
  {
    "id": "tag_3_7_F",
    "name": "F3 Female TagTeam 7",
    "memberIds": [
      "wrestler_183",
      "wrestler_184"
    ]
  },
  {
    "id": "tag_3_8_F",
    "name": "F3 Female TagTeam 8",
    "memberIds": [
      "wrestler_185",
      "wrestler_186"
    ]
  }
]