[
  {
    "id": "title_1_world",
    "name": "F1 World Championship",
    "image": "",
    "prestige": 889,
    "type": "single",
    "gender": "men",
    "minWeightLbs": 170,
    "maxWeightLbs": 9999,
    "federationIds": [
      "fed_1"
    ],
    "brandIds": [
      "brand_1",
      "brand_2"
    ],
    "allowMultipleWinners": false,
    "currentHolderIds": [
      "wrestler_1"
    ]
  },
  {
    "id": "title_1_women",
    "name": "F1 Women's Championship",
    "image": "",
    "prestige": 886,
    "type": "single",
    "gender": "women",
    "minWeightLbs": 100,
    "maxWeightLbs": 9999,
    "federationIds": [
      "fed_1"
    ],
    "brandIds": [
      "brand_1",
      "brand_2"
    ],
    "allowMultipleWinners": false,
    "currentHolderIds": [
      "wrestler_31"
    ]
  },
  {
    "id": "title_1_tag",
    "name": "F1 Tag Team Championship",
    "image": "",
    "prestige": 765,
    "type": "tag",
    "gender": "intergender",
    "minWeightLbs": 150,
    "maxWeightLbs": 9999,
    "federationIds": [
      "fed_1"
    ],
    "brandIds": [
      "brand_1",
      "brand_2"
    ],
    "allowMultipleWinners": false,
    "currentHolderIds": [
      "wrestler_1",
      "wrestler_2"
    ]
  },
  {
    "id": "title_1_intercontinental",
    "name": "F1 Intercontinental Championship",
    "image": "",
    "prestige": 637,
    "type": "single",
    "gender": "men",
    "minWeightLbs": 150,
    "maxWeightLbs": 240,
    "federationIds": [
      "fed_1"
    ],
    "brandIds": [
      "brand_1",
      "brand_2"
    ],
    "allowMultipleWinners": false,
    "currentHolderIds": [
      "wrestler_3"
    ]
  },
  {
    "id": "title_2_world",
    "name": "F2 World Championship",
    "image": "",
    "prestige": 994,
    "type": "single",
    "gender": "men",
    "minWeightLbs": 170,
    "maxWeightLbs": 9999,
    "federationIds": [
      "fed_2"
    ],
    "brandIds": [
      "brand_3",
      "brand_4"
    ],
    "allowMultipleWinners": false,
    "currentHolderIds": [
      "wrestler_71"
    ]
  },
  {
    "id": "title_2_women",
    "name": "F2 Women's Championship",
    "image": "",
    "prestige": 756,
    "type": "single",
    "gender": "women",
    "minWeightLbs": 100,
    "maxWeightLbs": 9999,
    "federationIds": [
      "fed_2"
    ],
    "brandIds": [
      "brand_3",
      "brand_4"
    ],
    "allowMultipleWinners": false,
    "currentHolderIds": [
      "wrestler_101"
    ]
  },
  {
    "id": "title_2_tag",
    "name": "F2 Tag Team Championship",
    "image": "",
    "prestige": 674,
    "type": "tag",
    "gender": "intergender",
    "minWeightLbs": 150,
    "maxWeightLbs": 9999,
    "federationIds": [
      "fed_2"
    ],
    "brandIds": [
      "brand_3",
      "brand_4"
    ],
    "allowMultipleWinners": false,
    "currentHolderIds": [
      "wrestler_71",
      "wrestler_72"
    ]
  },
  {
    "id": "title_2_intercontinental",
    "name": "F2 Intercontinental Championship",
    "image": "",
    "prestige": 608,
    "type": "single",
    "gender": "men",
    "minWeightLbs": 150,
    "maxWeightLbs": 240,
    "federationIds": [
      "fed_2"
    ],
    "brandIds": [
      "brand_3",
      "brand_4"
    ],
    "allowMultipleWinners": false,
    "currentHolderIds": [
      "wrestler_73"
    ]
  },
  {
    "id": "title_3_world",
    "name": "F3 World Championship",
    "image": "",
    "prestige": 919,
    "type": "single",
    "gender": "men",
    "minWeightLbs": 170,
    "maxWeightLbs": 9999,
    "federationIds": [
      "fed_3"
    ],
    "brandIds": [
      "brand_5",
      "brand_6"
    ],
    "allowMultipleWinners": false,
    "currentHolderIds": [
      "wrestler_141"
    ]
  },
  {
    "id": "title_3_women",
    "name": "F3 Women's Championship",
    "image": "",
    "prestige": 881,
    "type": "single",
    "gender": "women",
    "minWeightLbs": 100,
    "maxWeightLbs": 9999,
    "federationIds": [
      "fed_3"
    ],
    "brandIds": [
      "brand_5",
      "brand_6"
    ],
    "allowMultipleWinners": false,
    "currentHolderIds": [
      "wrestler_171"
    ]
  },
  {
    "id": "title_3_tag",
    "name": "F3 Tag Team Championship",
    "image": "",
    "prestige": 639,
    "type": "tag",
    "gender": "intergender",
    "minWeightLbs": 150,
    "maxWeightLbs": 9999,
    "federationIds": [
      "fed_3"
    ],
    "brandIds": [
      "brand_5",
      "brand_6"
    ],
    "allowMultipleWinners": false,
    "currentHolderIds": [
      "wrestler_141",
      "wrestler_142"
    ]
  },
  {
    "id": "title_3_intercontinental",
    "name": "F3 Intercontinental Championship",
    "image": "",
    "prestige": 610,
    "type": "single",
    "gender": "men",
    "minWeightLbs": 150,
    "maxWeightLbs": 240,
    "federationIds": [
      "fed_3"
    ],
    "brandIds": [
      "brand_5",
      "brand_6"
    ],
    "allowMultipleWinners": false,
    "currentHolderIds": [
      "wrestler_143"
    ]
  }
]