[
  {
    "id": "arena_9e708a",
    "name": "Magic City Coliseum",
    "city": "Birmingham",
    "state": "Alabama",
    "country": "USA",
    "capacity": 14305,
    "popularity": 64,
    "rentalCost": 600810
  },
  {
    "id": "arena_3f411d",
    "name": "Northern Lights Arena",
    "city": "Anchorage",
    "state": "Alaska",
    "country": "USA",
    "capacity": 19664,
    "popularity": 58,
    "rentalCost": 629248
  },
  {
    "id": "arena_bb4482",
    "name": "Desert Crown Pavilion",
    "city": "Phoenix",
    "state": "Arizona",
    "country": "USA",
    "capacity": 17779,
    "popularity": 61,
    "rentalCost": 728939
  },
  {
    "id": "arena_c15e6b",
    "name": "River Rock Center",
    "city": "Little Rock",
    "state": "Arkansas",
    "country": "USA",
    "capacity": 18548,
    "popularity": 58,
    "rentalCost": 853208
  },
  {
    "id": "arena_cf84df",
    "name": "Pacific Horizon Arena",
    "city": "Los Angeles",
    "state": "California",
    "country": "USA",
    "capacity": 22035,
    "popularity": 71,
    "rentalCost": 705120
  },
  {
    "id": "arena_22017a",
    "name": "Mile High Pavilion",
    "city": "Denver",
    "state": "Colorado",
    "country": "USA",
    "capacity": 16104,
    "popularity": 81,
    "rentalCost": 515328
  },
  {
    "id": "arena_350f5a",
    "name": "Charter Oak Forum",
    "city": "Hartford",
    "state": "Connecticut",
    "country": "USA",
    "capacity": 12943,
    "popularity": 60,
    "rentalCost": 608321
  },
  {
    "id": "arena_762033",
    "name": "First State Events Hall",
    "city": "Wilmington",
    "state": "Delaware",
    "country": "USA",
    "capacity": 15955,
    "popularity": 58,
    "rentalCost": 526515
  },
  {
    "id": "arena_d3bd1e",
    "name": "Sunline Superdome",
    "city": "Miami",
    "state": "Florida",
    "country": "USA",
    "capacity": 22315,
    "popularity": 90,
    "rentalCost": 691765
  },
  {
    "id": "arena_477730",
    "name": "Peachtree Spectrum Center",
    "city": "Atlanta",
    "state": "Georgia",
    "country": "USA",
    "capacity": 33910,
    "popularity": 88,
    "rentalCost": 1424220
  },
  {
    "id": "arena_fcc23e",
    "name": "Island Breeze Arena",
    "city": "Honolulu",
    "state": "Hawaii",
    "country": "USA",
    "capacity": 9812,
    "popularity": 69,
    "rentalCost": 304172
  },
  {
    "id": "arena_16a83b",
    "name": "Gem State Coliseum",
    "city": "Boise",
    "state": "Idaho",
    "country": "USA",
    "capacity": 18120,
    "popularity": 63,
    "rentalCost": 706680
  },
  {
    "id": "arena_be5fc4",
    "name": "Lakefront Coliseum",
    "city": "Chicago",
    "state": "Illinois",
    "country": "USA",
    "capacity": 28734,
    "popularity": 74,
    "rentalCost": 1350498
  },
  {
    "id": "arena_bb804a",
    "name": "Crossroads Fieldhouse",
    "city": "Indianapolis",
    "state": "Indiana",
    "country": "USA",
    "capacity": 10929,
    "popularity": 74,
    "rentalCost": 513663
  },
  {
    "id": "arena_a815a3",
    "name": "Hawkeye Events Center",
    "city": "Des Moines",
    "state": "Iowa",
    "country": "USA",
    "capacity": 20173,
    "popularity": 75,
    "rentalCost": 665709
  },
  {
    "id": "arena_235ba2",
    "name": "Prairie Star Arena",
    "city": "Wichita",
    "state": "Kansas",
    "country": "USA",
    "capacity": 18528,
    "popularity": 67,
    "rentalCost": 759648
  },
  {
    "id": "arena_f7604f",
    "name": "Bluegrass Pavilion",
    "city": "Louisville",
    "state": "Kentucky",
    "country": "USA",
    "capacity": 10596,
    "popularity": 59,
    "rentalCost": 328476
  },
  {
    "id": "arena_07093e",
    "name": "Crescent City Arena",
    "city": "New Orleans",
    "state": "Louisiana",
    "country": "USA",
    "capacity": 19141,
    "popularity": 68,
    "rentalCost": 861345
  },
  {
    "id": "arena_c87c81",
    "name": "Pine Coast Pavilion",
    "city": "Portland",
    "state": "Maine",
    "country": "USA",
    "capacity": 20147,
    "popularity": 87,
    "rentalCost": 866321
  },
  {
    "id": "arena_c41e75",
    "name": "Harborline Arena",
    "city": "Baltimore",
    "state": "Maryland",
    "country": "USA",
    "capacity": 21734,
    "popularity": 80,
    "rentalCost": 956296
  },
  {
    "id": "arena_fabce6",
    "name": "Commonwealth Pavilion",
    "city": "Boston",
    "state": "Massachusetts",
    "country": "USA",
    "capacity": 34187,
    "popularity": 84,
    "rentalCost": 1401667
  },
  {
    "id": "arena_93c247",
    "name": "Motor City Forum",
    "city": "Detroit",
    "state": "Michigan",
    "country": "USA",
    "capacity": 13911,
    "popularity": 70,
    "rentalCost": 486885
  },
  {
    "id": "arena_aed84a",
    "name": "North Star Arena",
    "city": "Minneapolis",
    "state": "Minnesota",
    "country": "USA",
    "capacity": 20452,
    "popularity": 94,
    "rentalCost": 756724
  },
  {
    "id": "arena_ca9581",
    "name": "Magnolia Dome",
    "city": "Jackson",
    "state": "Mississippi",
    "country": "USA",
    "capacity": 10341,
    "popularity": 74,
    "rentalCost": 475686
  },
  {
    "id": "arena_57dddd",
    "name": "Heartland Spectrum",
    "city": "Kansas City",
    "state": "Missouri",
    "country": "USA",
    "capacity": 17111,
    "popularity": 76,
    "rentalCost": 752884
  },
  {
    "id": "arena_227c7b",
    "name": "Big Sky Events Dome",
    "city": "Billings",
    "state": "Montana",
    "country": "USA",
    "capacity": 13717,
    "popularity": 59,
    "rentalCost": 452661
  },
  {
    "id": "arena_91634e",
    "name": "Cornhusker Coliseum",
    "city": "Omaha",
    "state": "Nebraska",
    "country": "USA",
    "capacity": 17387,
    "popularity": 81,
    "rentalCost": 608545
  },
  {
    "id": "arena_8500d0",
    "name": "Silver Strip Arena",
    "city": "Las Vegas",
    "state": "Nevada",
    "country": "USA",
    "capacity": 26208,
    "popularity": 74,
    "rentalCost": 1179360
  },
  {
    "id": "arena_a4594d",
    "name": "Granite Hall",
    "city": "Manchester",
    "state": "New Hampshire",
    "country": "USA",
    "capacity": 15909,
    "popularity": 57,
    "rentalCost": 509088
  },
  {
    "id": "arena_23929e",
    "name": "Garden State Pavilion",
    "city": "Newark",
    "state": "New Jersey",
    "country": "USA",
    "capacity": 21526,
    "popularity": 87,
    "rentalCost": 861040
  },
  {
    "id": "arena_b7cb64",
    "name": "High Desert Forum",
    "city": "Albuquerque",
    "state": "New Mexico",
    "country": "USA",
    "capacity": 14572,
    "popularity": 77,
    "rentalCost": 655740
  },
  {
    "id": "arena_677c13",
    "name": "Empire Crown Arena",
    "city": "New York",
    "state": "New York",
    "country": "USA",
    "capacity": 34002,
    "popularity": 95,
    "rentalCost": 1496088
  },
  {
    "id": "arena_e6b933",
    "name": "Queen City Fieldhouse",
    "city": "Charlotte",
    "state": "North Carolina",
    "country": "USA",
    "capacity": 10126,
    "popularity": 60,
    "rentalCost": 384788
  },
  {
    "id": "arena_35a6c9",
    "name": "Prairie Wind Pavilion",
    "city": "Fargo",
    "state": "North Dakota",
    "country": "USA",
    "capacity": 16767,
    "popularity": 59,
    "rentalCost": 519777
  },
  {
    "id": "arena_5435ab",
    "name": "Buckeye Bank Arena",
    "city": "Columbus",
    "state": "Ohio",
    "country": "USA",
    "capacity": 20979,
    "popularity": 92,
    "rentalCost": 818181
  },
  {
    "id": "arena_542e11",
    "name": "Red Dirt Coliseum",
    "city": "Oklahoma City",
    "state": "Oklahoma",
    "country": "USA",
    "capacity": 19602,
    "popularity": 83,
    "rentalCost": 764478
  },
  {
    "id": "arena_cf6086",
    "name": "Rose River Arena",
    "city": "Portland",
    "state": "Oregon",
    "country": "USA",
    "capacity": 20741,
    "popularity": 82,
    "rentalCost": 850381
  },
  {
    "id": "arena_dd8f2f",
    "name": "Keystone Spectrum",
    "city": "Philadelphia",
    "state": "Pennsylvania",
    "country": "USA",
    "capacity": 15739,
    "popularity": 84,
    "rentalCost": 645299
  },
  {
    "id": "arena_c90f80",
    "name": "Ocean State Pavilion",
    "city": "Providence",
    "state": "Rhode Island",
    "country": "USA",
    "capacity": 11753,
    "popularity": 62,
    "rentalCost": 528885
  },
  {
    "id": "arena_a0e922",
    "name": "Palmetto Place Arena",
    "city": "Charleston",
    "state": "South Carolina",
    "country": "USA",
    "capacity": 9965,
    "popularity": 68,
    "rentalCost": 388635
  },
  {
    "id": "arena_928968",
    "name": "Great Plains Pavilion",
    "city": "Sioux Falls",
    "state": "South Dakota",
    "country": "USA",
    "capacity": 11119,
    "popularity": 70,
    "rentalCost": 466998
  },
  {
    "id": "arena_02c0d4",
    "name": "Volunteer Soundstage",
    "city": "Nashville",
    "state": "Tennessee",
    "country": "USA",
    "capacity": 15405,
    "popularity": 86,
    "rentalCost": 492960
  },
  {
    "id": "arena_2e8ff4",
    "name": "Lone Star Superdome",
    "city": "Dallas",
    "state": "Texas",
    "country": "USA",
    "capacity": 20451,
    "popularity": 84,
    "rentalCost": 858942
  },
  {
    "id": "arena_d5f207",
    "name": "Beehive Forum",
    "city": "Salt Lake City",
    "state": "Utah",
    "country": "USA",
    "capacity": 18002,
    "popularity": 72,
    "rentalCost": 612068
  },
  {
    "id": "arena_c660f7",
    "name": "Green Mountain Center",
    "city": "Burlington",
    "state": "Vermont",
    "country": "USA",
    "capacity": 16053,
    "popularity": 72,
    "rentalCost": 690279
  },
  {
    "id": "arena_73770c",
    "name": "Commonwealth Crown Arena",
    "city": "Richmond",
    "state": "Virginia",
    "country": "USA",
    "capacity": 14878,
    "popularity": 79,
    "rentalCost": 550486
  },
  {
    "id": "arena_9459e4",
    "name": "Cascade Summit Arena",
    "city": "Seattle",
    "state": "Washington",
    "country": "USA",
    "capacity": 19945,
    "popularity": 60,
    "rentalCost": 698075
  },
  {
    "id": "arena_151565",
    "name": "Mountaineer Coliseum",
    "city": "Charleston",
    "state": "West Virginia",
    "country": "USA",
    "capacity": 11478,
    "popularity": 69,
    "rentalCost": 424686
  },
  {
    "id": "arena_732ba1",
    "name": "Great Lakes Forum",
    "city": "Milwaukee",
    "state": "Wisconsin",
    "country": "USA",
    "capacity": 9197,
    "popularity": 86,
    "rentalCost": 321895
  },
  {
    "id": "arena_8a5230",
    "name": "High Plains Coliseum",
    "city": "Cheyenne",
    "state": "Wyoming",
    "country": "USA",
    "capacity": 13304,
    "popularity": 73,
    "rentalCost": 399120
  },
  {
    "id": "arena_700dc9",
    "name": "Golden Gate Pavilion",
    "city": "San Francisco",
    "state": "California",
    "country": "USA",
    "capacity": 14386,
    "popularity": 86,
    "rentalCost": 704914
  },
  {
    "id": "arena_963f2c",
    "name": "Pacific Crest Arena",
    "city": "San Diego",
    "state": "California",
    "country": "USA",
    "capacity": 18049,
    "popularity": 96,
    "rentalCost": 758058
  },
  {
    "id": "arena_1c3fa4",
    "name": "Bayou Star Dome",
    "city": "Houston",
    "state": "Texas",
    "country": "USA",
    "capacity": 27615,
    "popularity": 68,
    "rentalCost": 1325520
  },
  {
    "id": "arena_63f1e9",
    "name": "Riverwalk Arena",
    "city": "San Antonio",
    "state": "Texas",
    "country": "USA",
    "capacity": 27568,
    "popularity": 63,
    "rentalCost": 1268128
  },
  {
    "id": "arena_c24195",
    "name": "Live Oak Center",
    "city": "Austin",
    "state": "Texas",
    "country": "USA",
    "capacity": 26737,
    "popularity": 95,
    "rentalCost": 1176428
  },
  {
    "id": "arena_5fd4f8",
    "name": "Orange Grove Arena",
    "city": "Orlando",
    "state": "Florida",
    "country": "USA",
    "capacity": 18521,
    "popularity": 85,
    "rentalCost": 814924
  },
  {
    "id": "arena_360790",
    "name": "Gulf Breeze Forum",
    "city": "Tampa",
    "state": "Florida",
    "country": "USA",
    "capacity": 13696,
    "popularity": 90,
    "rentalCost": 712192
  },
  {
    "id": "arena_8effb3",
    "name": "Queen City Coliseum",
    "city": "Buffalo",
    "state": "New York",
    "country": "USA",
    "capacity": 18560,
    "popularity": 63,
    "rentalCost": 705280
  },
  {
    "id": "arena_9e0fb0",
    "name": "Midwest Summit Arena",
    "city": "Rosemont",
    "state": "Illinois",
    "country": "USA",
    "capacity": 13103,
    "popularity": 73,
    "rentalCost": 602738
  },
  {
    "id": "arena_314107",
    "name": "Three Rivers Pavilion",
    "city": "Pittsburgh",
    "state": "Pennsylvania",
    "country": "USA",
    "capacity": 14659,
    "popularity": 67,
    "rentalCost": 615678
  },
  {
    "id": "arena_d0b5ad",
    "name": "Riverfront Events Hall",
    "city": "Savannah",
    "state": "Georgia",
    "country": "USA",
    "capacity": 21842,
    "popularity": 63,
    "rentalCost": 764470
  },
  {
    "id": "arena_41d497",
    "name": "Neon Mirage Dome",
    "city": "Las Vegas",
    "state": "Nevada",
    "country": "USA",
    "capacity": 12003,
    "popularity": 96,
    "rentalCost": 432108
  },
  {
    "id": "arena_a90c3c",
    "name": "Bay State Arena",
    "city": "Worcester",
    "state": "Massachusetts",
    "country": "USA",
    "capacity": 20791,
    "popularity": 66,
    "rentalCost": 894013
  },
  {
    "id": "arena_3a8dad",
    "name": "Inland Empire Pavilion",
    "city": "Spokane",
    "state": "Washington",
    "country": "USA",
    "capacity": 22055,
    "popularity": 61,
    "rentalCost": 749870
  },
  {
    "id": "arena_dc8c64",
    "name": "Maple Crown Centre",
    "city": "Toronto",
    "state": "",
    "country": "Canada",
    "capacity": 19000,
    "popularity": 82,
    "rentalCost": 750000
  },
  {
    "id": "arena_c8a240",
    "name": "St. Lawrence Dome",
    "city": "Montreal",
    "state": "",
    "country": "Canada",
    "capacity": 18000,
    "popularity": 78,
    "rentalCost": 680000
  },
  {
    "id": "arena_541b3a",
    "name": "Aztec Sun Arena",
    "city": "Mexico City",
    "state": "",
    "country": "Mexico",
    "capacity": 21000,
    "popularity": 85,
    "rentalCost": 720000
  },
  {
    "id": "arena_8eab0b",
    "name": "Carioca Superdome",
    "city": "Rio de Janeiro",
    "state": "",
    "country": "Brazil",
    "capacity": 30000,
    "popularity": 88,
    "rentalCost": 950000
  },
  {
    "id": "arena_42a3ac",
    "name": "Paulista Pavilion",
    "city": "São Paulo",
    "state": "",
    "country": "Brazil",
    "capacity": 22000,
    "popularity": 83,
    "rentalCost": 820000
  },
  {
    "id": "arena_d76d3b",
    "name": "La Plata Coliseo",
    "city": "Buenos Aires",
    "state": "",
    "country": "Argentina",
    "capacity": 18000,
    "popularity": 79,
    "rentalCost": 640000
  },
  {
    "id": "arena_82cdd0",
    "name": "Thames Crown Arena",
    "city": "London",
    "state": "",
    "country": "United Kingdom",
    "capacity": 22000,
    "popularity": 90,
    "rentalCost": 980000
  },
  {
    "id": "arena_57a786",
    "name": "Seine River Forum",
    "city": "Paris",
    "state": "",
    "country": "France",
    "capacity": 20000,
    "popularity": 87,
    "rentalCost": 900000
  },
  {
    "id": "arena_ec106d",
    "name": "Brandenburg Spectrum",
    "city": "Berlin",
    "state": "",
    "country": "Germany",
    "capacity": 19500,
    "popularity": 85,
    "rentalCost": 860000
  },
  {
    "id": "arena_2b70ac",
    "name": "Castellana Pavilion",
    "city": "Madrid",
    "state": "",
    "country": "Spain",
    "capacity": 18000,
    "popularity": 80,
    "rentalCost": 730000
  },
  {
    "id": "arena_c33112",
    "name": "Colosseum Vista Arena",
    "city": "Rome",
    "state": "",
    "country": "Italy",
    "capacity": 17000,
    "popularity": 78,
    "rentalCost": 690000
  },
  {
    "id": "arena_1a9c8d",
    "name": "Emerald Isle Centre",
    "city": "Dublin",
    "state": "",
    "country": "Ireland",
    "capacity": 14500,
    "popularity": 75,
    "rentalCost": 520000
  },
  {
    "id": "arena_ff6f44",
    "name": "Baltic Crown Hall",
    "city": "Gdańsk",
    "state": "",
    "country": "Poland",
    "capacity": 15000,
    "popularity": 74,
    "rentalCost": 510000
  },
  {
    "id": "arena_472b62",
    "name": "Lowlands Dome",
    "city": "Amsterdam",
    "state": "",
    "country": "Netherlands",
    "capacity": 16000,
    "popularity": 77,
    "rentalCost": 560000
  },
  {
    "id": "arena_d17182",
    "name": "Bosphorus Grand Hall",
    "city": "Istanbul",
    "state": "",
    "country": "Türkiye",
    "capacity": 18500,
    "popularity": 81,
    "rentalCost": 700000
  },
  {
    "id": "arena_c0ae56",
    "name": "Nordic Light Arena",
    "city": "Stockholm",
    "state": "",
    "country": "Sweden",
    "capacity": 16000,
    "popularity": 76,
    "rentalCost": 550000
  },
  {
    "id": "arena_b35727",
    "name": "Shin-Tokyo Skyline Dome",
    "city": "Tokyo",
    "state": "",
    "country": "Japan",
    "capacity": 45000,
    "popularity": 95,
    "rentalCost": 1500000
  },
  {
    "id": "arena_c6ecfb",
    "name": "Harbour Pearl Arena",
    "city": "Hong Kong",
    "state": "",
    "country": "China",
    "capacity": 20000,
    "popularity": 88,
    "rentalCost": 900000
  },
  {
    "id": "arena_90a0b7",
    "name": "Lotus Bay Centre",
    "city": "Shanghai",
    "state": "",
    "country": "China",
    "capacity": 26000,
    "popularity": 89,
    "rentalCost": 1100000
  },
  {
    "id": "arena_ec2ef1",
    "name": "Han River Spectrum",
    "city": "Seoul",
    "state": "",
    "country": "South Korea",
    "capacity": 19000,
    "popularity": 86,
    "rentalCost": 840000
  },
  {
    "id": "arena_2d869c",
    "name": "Marina Star Pavilion",
    "city": "Singapore",
    "state": "",
    "country": "Singapore",
    "capacity": 15000,
    "popularity": 84,
    "rentalCost": 780000
  },
  {
    "id": "arena_7b7671",
    "name": "Gateway Forum",
    "city": "Mumbai",
    "state": "",
    "country": "India",
    "capacity": 24000,
    "popularity": 86,
    "rentalCost": 980000
  },
  {
    "id": "arena_bdf246",
    "name": "Red River Coliseum",
    "city": "Hanoi",
    "state": "",
    "country": "Vietnam",
    "capacity": 16000,
    "popularity": 77,
    "rentalCost": 600000
  },
  {
    "id": "arena_13ded6",
    "name": "Silk Road Arena",
    "city": "Almaty",
    "state": "",
    "country": "Kazakhstan",
    "capacity": 14000,
    "popularity": 70,
    "rentalCost": 450000
  },
  {
    "id": "arena_f03a1b",
    "name": "Ubuntu Super Arena",
    "city": "Johannesburg",
    "state": "",
    "country": "South Africa",
    "capacity": 22000,
    "popularity": 82,
    "rentalCost": 820000
  },
  {
    "id": "arena_fa96b9",
    "name": "Savanna Crown Centre",
    "city": "Nairobi",
    "state": "",
    "country": "Kenya",
    "capacity": 16000,
    "popularity": 74,
    "rentalCost": 520000
  },
  {
    "id": "arena_d57948",
    "name": "Nile Sun Forum",
    "city": "Cairo",
    "state": "",
    "country": "Egypt",
    "capacity": 20000,
    "popularity": 80,
    "rentalCost": 700000
  },
  {
    "id": "arena_4003ff",
    "name": "Atlantic Gate Pavilion",
    "city": "Lagos",
    "state": "",
    "country": "Nigeria",
    "capacity": 21000,
    "popularity": 82,
    "rentalCost": 760000
  },
  {
    "id": "arena_777778",
    "name": "Atlas Crescent Arena",
    "city": "Casablanca",
    "state": "",
    "country": "Morocco",
    "capacity": 17000,
    "popularity": 72,
    "rentalCost": 560000
  },
  {
    "id": "arena_7e0f95",
    "name": "Harbourline Superdome",
    "city": "Sydney",
    "state": "",
    "country": "Australia",
    "capacity": 21000,
    "popularity": 88,
    "rentalCost": 900000
  },
  {
    "id": "arena_fe6f61",
    "name": "Yarra River Arena",
    "city": "Melbourne",
    "state": "",
    "country": "Australia",
    "capacity": 19000,
    "popularity": 86,
    "rentalCost": 840000
  },
  {
    "id": "arena_ed1864",
    "name": "Sky Harbour Centre",
    "city": "Auckland",
    "state": "",
    "country": "New Zealand",
    "capacity": 15000,
    "popularity": 78,
    "rentalCost": 580000
  }
]