[
  {
    "id": "brand_owlrs_b0d0fe",
    "name": "OWL: Red Shift",
    "federationIds": [
      "fed_owl_a53b0c"
    ],
    "description": "OWL’s flagship prime-time brand. Big-arena main events, Solar Championship stories, and blockbuster ‘countdown to ignition’ title matches."
  },
  {
    "id": "brand_owlln_20bd1f",
    "name": "OWL: Lunar Night",
    "federationIds": [
      "fed_owl_a53b0c"
    ],
    "description": "The edgier, late-night sister brand—moody lighting, technical clinics, and rising prospects battling through the Lunar Division rankings."
  },
  {
    "id": "brand_icwfn_45ecb2",
    "name": "ICW: Foundry",
    "federationIds": [
      "fed_icw_c774bb"
    ],
    "description": "Shot inside refurbished steelworks; grueling time-limit bouts earn circuit points. The heart of ICW’s seasonal tournament ladder."
  },
  {
    "id": "brand_icwml_1f38f7",
    "name": "ICW: Main Line",
    "federationIds": [
      "fed_icw_c774bb"
    ],
    "description": "Traveling ‘railcar’ stage, fighter packages, and clashes between top seeds. Upsets here can flip the entire championship table."
  },
  {
    "id": "brand_kcwnr_c230fa",
    "name": "KCW: Neon Rampage",
    "federationIds": [
      "fed_kcw_ab70f0"
    ],
    "description": "Arcade-speed chaos in a glowing downtown set. Tag chaos, rooftop dives, and the crowd chanting for ‘CITY DESTRUCTION!’"
  },
  {
    "id": "brand_kcwtc_7cef0a",
    "name": "KCW: Titan Circuit",
    "federationIds": [
      "fed_kcw_ab70f0"
    ],
    "description": "The kaiju-king division. Heavy hitters and masked monsters collide around destructible props—every episode is a boss fight."
  },
  {
    "id": "brand_fsatw_4fcf9a",
    "name": "FSA: Trail West",
    "federationIds": [
      "fed_fsa_bbaa28"
    ],
    "description": "Territory-style showdowns in music halls and fairgrounds. Grudge promos by campfire and weekly Outpost defenses make legends."
  },
  {
    "id": "brand_fsas_038fb0",
    "name": "FSA: Stampede",
    "federationIds": [
      "fed_fsa_bbaa28"
    ],
    "description": "The supercard pipeline—larger venues, traveling rodeo aesthetics, and crossover feuds culminating in seasonal Stampede spectaculars."
  }
]