[
  {
    "id": "fed_owl_a53b0c",
    "name": "Orbit Wrestling League (OWL)",
    "initialFunds": 2500000,
    "continentsServing": [
      "North America",
      "Europe"
    ],
    "size": "major",
    "yearEstablished": 2004,
    "description": "OWL is a glossy, space-age spectacle that treats weekly TV like a rocket launch. Championships are themed around orbital ranks (Satellite, Lunar, Solar) and the set looks like a retro-futurist launch bay. Faces are framed as pioneering astronauts; heels are corporate space barons. Expect high production, shocking pyro, and athletic main events that end with countdown graphics and ‘ignition’ finishers.",
    "ownerId": null,
    "vpId": null,
    "contentOfficerId": null,
    "image": "",
    "imageData": "",
    "imageMime": "",
    "imageFilename": "",
    "videoLink": ""
  },
  {
    "id": "fed_icw_c774bb",
    "name": "Iron Circuit Wrestling (ICW)",
    "initialFunds": 1200000,
    "continentsServing": [
      "Europe",
      "Asia"
    ],
    "size": "mid",
    "yearEstablished": 2011,
    "description": "A gritty, sport-first promotion that runs like a traveling grand prix across old factories and rail depots. Wrestlers earn ‘circuit points’ that seed quarterly tournaments, fostering long-term rivalries and upsets. Production is bare-metal industrial; matches emphasize cardio, chain-wrestling, and durable, character-driven feuds.",
    "ownerId": null,
    "vpId": null,
    "contentOfficerId": null,
    "image": "",
    "imageData": "",
    "imageMime": "",
    "imageFilename": "",
    "videoLink": ""
  },
  {
    "id": "fed_kcw_ab70f0",
    "name": "Kaiju City Wrestling (KCW)",
    "initialFunds": 800000,
    "continentsServing": [
      "Asia",
      "Oceania",
      "North America"
    ],
    "size": "mid",
    "yearEstablished": 2017,
    "description": "A neon-drenched love letter to tokusatsu and arcade brawlers. KCW’s arenas are mini-cities with destructible props—billboards, ‘monorails,’ and rooftop ramps—so every main event feels like a monster movie. Faces channel heroic sentai energy; villains are masked kaiju kings. Family-friendly chaos with wildly creative stipulations.",
    "ownerId": null,
    "vpId": null,
    "contentOfficerId": null,
    "image": "",
    "imageData": "",
    "imageMime": "",
    "imageFilename": "",
    "videoLink": ""
  },
  {
    "id": "fed_fsa_bbaa28",
    "name": "Frontier Slam Association (FSA)",
    "initialFunds": 1800000,
    "continentsServing": [
      "North America",
      "South America",
      "Africa"
    ],
    "size": "major",
    "yearEstablished": 1996,
    "description": "Where trailblazers roam. FSA blends modern western aesthetics with hard-hitting hybrid styles—lucha rope runs meet catch-as-catch-can mat wars. Territory-style storytelling anchors the product: regional champions defend inside ‘outposts,’ culminating in seasonal supercards called Stampedes. Promos happen around campfires and in old theaters, giving feuds a cinematic, frontier-epic vibe.",
    "ownerId": null,
    "vpId": null,
    "contentOfficerId": null,
    "image": "",
    "imageData": "",
    "imageMime": "",
    "imageFilename": "",
    "videoLink": ""
  }
]