[
  {
    "id": "gim_6ae3bd",
    "name": "Tables, Ladders & Chairs (TLC)",
    "description": "Weapons-based stunt showcase featuring legal tables, ladders, and chairs. Often used to retrieve a prize suspended above the ring.",
    "rules": {
      "dqAllowed": false,
      "countouts": "none",
      "pinfallAllowed": true,
      "submissionAllowed": true,
      "koAllowed": false,
      "escapeAllowed": false,
      "weaponsAllowed": true,
      "teamFormat": "any",
      "participantCountMin": 2,
      "participantCountMax": 8,
      "environment": "ring",
      "specialWinConditions": [
        "Retrieve prize (ladder) or standard fall (promotion-defined)"
      ],
      "tags": [
        "hardcore",
        "ladder",
        "tables",
        "chairs"
      ]
    }
  },
  {
    "id": "gim_2c944b",
    "name": "Steel Cage",
    "description": "Classic escape-or-fall bout inside a steel enclosure—gritty visuals and decisive finishes.",
    "rules": {
      "dqAllowed": false,
      "countouts": "none",
      "pinfallAllowed": true,
      "submissionAllowed": true,
      "koAllowed": false,
      "escapeAllowed": true,
      "weaponsAllowed": false,
      "teamFormat": "any",
      "participantCountMin": 2,
      "participantCountMax": 4,
      "environment": "cage",
      "specialWinConditions": [
        "Escape over the top or through the door counts as a win"
      ],
      "tags": [
        "structure"
      ]
    }
  },
  {
    "id": "gim_818ff9",
    "name": "Hell Cell Match",
    "description": "Oversized roofed cage (‘cell’) that surrounds the ring and ringside area—no escape, no mercy.",
    "rules": {
      "dqAllowed": false,
      "countouts": "none",
      "pinfallAllowed": true,
      "submissionAllowed": true,
      "koAllowed": false,
      "escapeAllowed": false,
      "weaponsAllowed": true,
      "teamFormat": "any",
      "participantCountMin": 2,
      "participantCountMax": 6,
      "environment": "cell",
      "specialWinConditions": [],
      "tags": [
        "structure",
        "hardcore"
      ]
    }
  },
  {
    "id": "gim_0bd06d",
    "name": "Prison Cell Match",
    "description": "A stricter, ‘lockdown’ variant: victory by escape only (over/through) or ref-stoppage—pin/sub optional by house rules.",
    "rules": {
      "dqAllowed": false,
      "countouts": "none",
      "pinfallAllowed": true,
      "submissionAllowed": true,
      "koAllowed": false,
      "escapeAllowed": true,
      "weaponsAllowed": false,
      "teamFormat": "singles",
      "participantCountMin": 2,
      "participantCountMax": 2,
      "environment": "cell",
      "specialWinConditions": [],
      "tags": [
        "structure",
        "escape"
      ]
    }
  },
  {
    "id": "gim_7969a0",
    "name": "Casket Match",
    "description": "Win by placing your opponent fully inside a casket and shutting the lid. Dark pageantry and dramatic finishes.",
    "rules": {
      "dqAllowed": false,
      "countouts": "none",
      "pinfallAllowed": false,
      "submissionAllowed": false,
      "koAllowed": false,
      "escapeAllowed": false,
      "weaponsAllowed": false,
      "teamFormat": "any",
      "participantCountMin": 2,
      "participantCountMax": 2,
      "environment": "ring",
      "specialWinConditions": [
        "Shut opponent inside the casket"
      ],
      "tags": [
        "thematic",
        "graves"
      ]
    }
  },
  {
    "id": "gim_5f8f90",
    "name": "Hardcore Match",
    "description": "Anything goes: weapons legal, no countouts, no disqualifications—falls usually count anywhere.",
    "rules": {
      "dqAllowed": false,
      "countouts": "none",
      "pinfallAllowed": true,
      "submissionAllowed": true,
      "koAllowed": false,
      "escapeAllowed": false,
      "weaponsAllowed": true,
      "teamFormat": "any",
      "participantCountMin": 2,
      "participantCountMax": 8,
      "environment": "ring",
      "specialWinConditions": [],
      "tags": [
        "hardcore"
      ]
    }
  },
  {
    "id": "gim_dc0b6b",
    "name": "Tag Team Match",
    "description": "Two-on-two traditional tag wrestling with legal tags and a single legal competitor per team.",
    "rules": {
      "dqAllowed": true,
      "countouts": "normal",
      "pinfallAllowed": true,
      "submissionAllowed": true,
      "koAllowed": false,
      "escapeAllowed": false,
      "weaponsAllowed": false,
      "teamFormat": "tag",
      "participantCountMin": 4,
      "participantCountMax": 4,
      "environment": "ring",
      "specialWinConditions": [],
      "tags": [
        "tag"
      ]
    }
  },
  {
    "id": "gim_1df183",
    "name": "Stable Match",
    "description": "Four-on-four (or more) team warfare emphasizing faction rivalries and rapid-fire tags or tornado rules.",
    "rules": {
      "dqAllowed": true,
      "countouts": "normal",
      "pinfallAllowed": true,
      "submissionAllowed": true,
      "koAllowed": false,
      "escapeAllowed": false,
      "weaponsAllowed": false,
      "teamFormat": "stable",
      "participantCountMin": 6,
      "participantCountMax": 8,
      "environment": "ring",
      "specialWinConditions": [],
      "tags": [
        "factions",
        "tag"
      ]
    }
  },
  {
    "id": "gim_5c9b29",
    "name": "Battle Royale",
    "description": "Mass-entry melee. Elimination by being thrown over the top rope to the floor (both feet).",
    "rules": {
      "dqAllowed": false,
      "countouts": "none",
      "pinfallAllowed": false,
      "submissionAllowed": false,
      "koAllowed": false,
      "escapeAllowed": false,
      "weaponsAllowed": false,
      "teamFormat": "multi",
      "participantCountMin": 10,
      "participantCountMax": 30,
      "environment": "ring",
      "specialWinConditions": [
        "Eliminate opponents by over-the-top-rope"
      ],
      "tags": [
        "multi",
        "rumble"
      ]
    }
  },
  {
    "id": "gim_df1954",
    "name": "Elimination Match",
    "description": "Survivor-style: pin or submit opponents until one side (or one person) remains.",
    "rules": {
      "dqAllowed": true,
      "countouts": "normal",
      "pinfallAllowed": true,
      "submissionAllowed": true,
      "koAllowed": false,
      "escapeAllowed": false,
      "weaponsAllowed": false,
      "teamFormat": "any",
      "participantCountMin": 2,
      "participantCountMax": 10,
      "environment": "ring",
      "specialWinConditions": [],
      "tags": [
        "elimination"
      ]
    }
  },
  {
    "id": "gim_b8bcb2",
    "name": "Iron Man Match",
    "description": "Timed marathon (e.g., 30–60 minutes). Most decisions in the time limit wins; ties often go to sudden death.",
    "rules": {
      "dqAllowed": true,
      "countouts": "normal",
      "pinfallAllowed": true,
      "submissionAllowed": true,
      "koAllowed": false,
      "escapeAllowed": false,
      "weaponsAllowed": false,
      "teamFormat": "singles",
      "participantCountMin": 2,
      "participantCountMax": 2,
      "environment": "ring",
      "specialWinConditions": [
        "Most falls within time limit"
      ],
      "tags": [
        "timed"
      ]
    }
  },
  {
    "id": "gim_4e9737",
    "name": "Elimination Chamber",
    "description": "Six-person structure match with timed entries from pods; eliminations by pin/sub until one remains.",
    "rules": {
      "dqAllowed": false,
      "countouts": "none",
      "pinfallAllowed": true,
      "submissionAllowed": true,
      "koAllowed": false,
      "escapeAllowed": false,
      "weaponsAllowed": true,
      "teamFormat": "multi",
      "participantCountMin": 6,
      "participantCountMax": 6,
      "environment": "cell",
      "specialWinConditions": [],
      "tags": [
        "structure",
        "timed",
        "elimination"
      ]
    }
  },
  {
    "id": "gim_e2860b",
    "name": "No DQ",
    "description": "Disqualifications are waived; weapons typically legal; falls in the ring unless otherwise specified.",
    "rules": {
      "dqAllowed": false,
      "countouts": "none",
      "pinfallAllowed": true,
      "submissionAllowed": true,
      "koAllowed": false,
      "escapeAllowed": false,
      "weaponsAllowed": true,
      "teamFormat": "any",
      "participantCountMin": 2,
      "participantCountMax": 2,
      "environment": "ring",
      "specialWinConditions": [],
      "tags": [
        "hardcore"
      ]
    }
  },
  {
    "id": "gim_6dbf5b",
    "name": "Countouts Anywhere",
    "description": "Falls count anywhere ruleset—pinfalls/submissions can occur outside the ring and around the arena. (Also called ‘Falls Count Anywhere’.)",
    "rules": {
      "dqAllowed": false,
      "countouts": "anywhere",
      "pinfallAllowed": true,
      "submissionAllowed": true,
      "koAllowed": false,
      "escapeAllowed": false,
      "weaponsAllowed": true,
      "teamFormat": "any",
      "participantCountMin": 2,
      "participantCountMax": 2,
      "environment": "ring",
      "specialWinConditions": [],
      "tags": [
        "hardcore",
        "falls_count_anywhere"
      ]
    }
  },
  {
    "id": "gim_c8501c",
    "name": "Ladder Match",
    "description": "A prize (briefcase/title) hangs above the ring; climb a ladder and retrieve it to win.",
    "rules": {
      "dqAllowed": false,
      "countouts": "none",
      "pinfallAllowed": false,
      "submissionAllowed": false,
      "koAllowed": false,
      "escapeAllowed": false,
      "weaponsAllowed": true,
      "teamFormat": "any",
      "participantCountMin": 2,
      "participantCountMax": 8,
      "environment": "ring",
      "specialWinConditions": [
        "Retrieve suspended prize"
      ],
      "tags": [
        "ladder"
      ]
    }
  },
  {
    "id": "gim_01ce43",
    "name": "Tables Match",
    "description": "Win condition: put your opponent through a table. No pinfalls or submissions.",
    "rules": {
      "dqAllowed": false,
      "countouts": "none",
      "pinfallAllowed": false,
      "submissionAllowed": false,
      "koAllowed": false,
      "escapeAllowed": false,
      "weaponsAllowed": true,
      "teamFormat": "any",
      "participantCountMin": 2,
      "participantCountMax": 2,
      "environment": "ring",
      "specialWinConditions": [],
      "tags": [
        "tables",
        "hardcore"
      ]
    }
  },
  {
    "id": "gim_86471c",
    "name": "First Blood",
    "description": "Victory awarded to the competitor who first causes their opponent to bleed.",
    "rules": {
      "dqAllowed": false,
      "countouts": "none",
      "pinfallAllowed": false,
      "submissionAllowed": false,
      "koAllowed": false,
      "escapeAllowed": false,
      "weaponsAllowed": true,
      "teamFormat": "any",
      "participantCountMin": 2,
      "participantCountMax": 2,
      "environment": "ring",
      "specialWinConditions": [
        "First opponent to bleed loses"
      ],
      "tags": [
        "hardcore",
        "blood"
      ]
    }
  },
  {
    "id": "gim_bb0e7a",
    "name": "Buried Alive",
    "description": "Win by burying your opponent in a designated pit or grave area.",
    "rules": {
      "dqAllowed": false,
      "countouts": "none",
      "pinfallAllowed": false,
      "submissionAllowed": false,
      "koAllowed": false,
      "escapeAllowed": false,
      "weaponsAllowed": false,
      "teamFormat": "any",
      "participantCountMin": 2,
      "participantCountMax": 2,
      "environment": "graveyard",
      "specialWinConditions": [
        "Bury opponent"
      ],
      "tags": [
        "thematic",
        "graves"
      ]
    }
  },
  {
    "id": "gim_dfe6e0",
    "name": "Ambulance Match",
    "description": "Win by incapacitating your opponent enough to load them into an ambulance and shut the doors.",
    "rules": {
      "dqAllowed": false,
      "countouts": "none",
      "pinfallAllowed": false,
      "submissionAllowed": false,
      "koAllowed": false,
      "escapeAllowed": false,
      "weaponsAllowed": false,
      "teamFormat": "any",
      "participantCountMin": 2,
      "participantCountMax": 2,
      "environment": "ambulance_bay",
      "specialWinConditions": [
        "Shut opponent inside ambulance"
      ],
      "tags": [
        "thematic",
        "vehicle"
      ]
    }
  },
  {
    "id": "gim_f07a25",
    "name": "Barbed Wire Match",
    "description": "Ropes replaced with barbed wire or barbed-wire weapons are legal; brutal, high-stakes violence.",
    "rules": {
      "dqAllowed": false,
      "countouts": "none",
      "pinfallAllowed": true,
      "submissionAllowed": true,
      "koAllowed": false,
      "escapeAllowed": false,
      "weaponsAllowed": true,
      "teamFormat": "any",
      "participantCountMin": 2,
      "participantCountMax": 2,
      "environment": "barbed_wire",
      "specialWinConditions": [],
      "tags": [
        "hardcore",
        "danger"
      ]
    }
  },
  {
    "id": "gim_33b7f3",
    "name": "No Holds Barred",
    "description": "Anything goes with emphasis on decisive finishes; typically pin or submission only, no rope breaks.",
    "rules": {
      "dqAllowed": false,
      "countouts": "none",
      "pinfallAllowed": true,
      "submissionAllowed": true,
      "koAllowed": false,
      "escapeAllowed": false,
      "weaponsAllowed": true,
      "teamFormat": "any",
      "participantCountMin": 2,
      "participantCountMax": 2,
      "environment": "ring",
      "specialWinConditions": [],
      "tags": [
        "hardcore"
      ]
    }
  },
  {
    "id": "gim_223bf6",
    "name": "Inferno Match",
    "description": "Ring surrounded by flames or flame effects; objective is to set part of the opponent’s attire on fire for victory.",
    "rules": {
      "dqAllowed": false,
      "countouts": "none",
      "pinfallAllowed": false,
      "submissionAllowed": false,
      "koAllowed": false,
      "escapeAllowed": false,
      "weaponsAllowed": false,
      "teamFormat": "any",
      "participantCountMin": 2,
      "participantCountMax": 2,
      "environment": "inferno",
      "specialWinConditions": [
        "Ignite opponent’s gear"
      ],
      "tags": [
        "thematic",
        "danger"
      ]
    }
  },
  {
    "id": "gim_cb7cf9",
    "name": "Handicap Match",
    "description": "Uneven sides (e.g., 2-on-1). Victory by standard fall; stories of resilience or dominance.",
    "rules": {
      "dqAllowed": true,
      "countouts": "normal",
      "pinfallAllowed": true,
      "submissionAllowed": true,
      "koAllowed": false,
      "escapeAllowed": false,
      "weaponsAllowed": false,
      "teamFormat": "multi",
      "participantCountMin": 3,
      "participantCountMax": 6,
      "environment": "ring",
      "specialWinConditions": [],
      "tags": [
        "uneven"
      ]
    }
  },
  {
    "id": "gim_efb56a",
    "name": "Brawl (Street Fight)",
    "description": "Arena-wide fight with street fight aesthetics—jeans, taped fists, and plunder.",
    "rules": {
      "dqAllowed": false,
      "countouts": "none",
      "pinfallAllowed": true,
      "submissionAllowed": true,
      "koAllowed": false,
      "escapeAllowed": false,
      "weaponsAllowed": true,
      "teamFormat": "any",
      "participantCountMin": 2,
      "participantCountMax": 2,
      "environment": "street",
      "specialWinConditions": [],
      "tags": [
        "hardcore"
      ]
    }
  },
  {
    "id": "gim_0e53a9",
    "name": "Backstage Brawl",
    "description": "Fight starts backstage—production areas, hallways, parking—falls usually count anywhere.",
    "rules": {
      "dqAllowed": false,
      "countouts": "anywhere",
      "pinfallAllowed": true,
      "submissionAllowed": true,
      "koAllowed": false,
      "escapeAllowed": false,
      "weaponsAllowed": true,
      "teamFormat": "any",
      "participantCountMin": 2,
      "participantCountMax": 2,
      "environment": "backstage",
      "specialWinConditions": [],
      "tags": [
        "hardcore",
        "falls_count_anywhere"
      ]
    }
  },
  {
    "id": "gim_d6bdb0",
    "name": "Lumberjack Match",
    "description": "Wrestlers surround the ring; they throw competitors back in to prevent countouts (or punish escape attempts).",
    "rules": {
      "dqAllowed": true,
      "countouts": "none",
      "pinfallAllowed": true,
      "submissionAllowed": true,
      "koAllowed": false,
      "escapeAllowed": false,
      "weaponsAllowed": false,
      "teamFormat": "any",
      "participantCountMin": 2,
      "participantCountMax": 2,
      "environment": "lumberjack",
      "specialWinConditions": [],
      "tags": [
        "ringside_crowd"
      ]
    }
  },
  {
    "id": "gim_10ced3",
    "name": "Sumo Rules Bout",
    "description": "Win by forcing opponent out of a circular ring or making any part other than the soles touch the surface.",
    "rules": {
      "dqAllowed": true,
      "countouts": "none",
      "pinfallAllowed": false,
      "submissionAllowed": false,
      "koAllowed": false,
      "escapeAllowed": false,
      "weaponsAllowed": false,
      "teamFormat": "any",
      "participantCountMin": 2,
      "participantCountMax": 2,
      "environment": "sumo_dohyo",
      "specialWinConditions": [
        "Ring-out or touch-down"
      ],
      "tags": [
        "martial"
      ]
    }
  },
  {
    "id": "gim_0aad89",
    "name": "Last Man Standing",
    "description": "Brutal battle where the ref counts to ten; a competitor who cannot answer the count loses.",
    "rules": {
      "dqAllowed": false,
      "countouts": "none",
      "pinfallAllowed": false,
      "submissionAllowed": false,
      "koAllowed": true,
      "escapeAllowed": false,
      "weaponsAllowed": true,
      "teamFormat": "any",
      "participantCountMin": 2,
      "participantCountMax": 2,
      "environment": "ring",
      "specialWinConditions": [
        "10-count knockdown"
      ],
      "tags": [
        "hardcore",
        "stamina"
      ]
    }
  },
  {
    "id": "gim_3fa873",
    "name": "I Quit Match",
    "description": "Microphoned official asks both competitors; match ends only when someone audibly says ‘I quit.’",
    "rules": {
      "dqAllowed": false,
      "countouts": "none",
      "pinfallAllowed": false,
      "submissionAllowed": false,
      "koAllowed": false,
      "escapeAllowed": false,
      "weaponsAllowed": true,
      "teamFormat": "any",
      "participantCountMin": 2,
      "participantCountMax": 2,
      "environment": "ring",
      "specialWinConditions": [
        "Verbal surrender"
      ],
      "tags": [
        "hardcore",
        "submission_like"
      ]
    }
  },
  {
    "id": "gim_400541",
    "name": "Submission Only",
    "description": "Only submissions (or ref stoppage) decide the match—no pinfalls.",
    "rules": {
      "dqAllowed": true,
      "countouts": "normal",
      "pinfallAllowed": false,
      "submissionAllowed": true,
      "koAllowed": false,
      "escapeAllowed": false,
      "weaponsAllowed": false,
      "teamFormat": "any",
      "participantCountMin": 2,
      "participantCountMax": 2,
      "environment": "ring",
      "specialWinConditions": [],
      "tags": [
        "technical"
      ]
    }
  },
  {
    "id": "gim_ac77e3",
    "name": "Two-out-of-Three Falls",
    "description": "Best-of-three format; first competitor/team to win two falls takes the match.",
    "rules": {
      "dqAllowed": true,
      "countouts": "normal",
      "pinfallAllowed": true,
      "submissionAllowed": true,
      "koAllowed": false,
      "escapeAllowed": false,
      "weaponsAllowed": false,
      "teamFormat": "any",
      "participantCountMin": 2,
      "participantCountMax": 2,
      "environment": "ring",
      "specialWinConditions": [],
      "tags": [
        "series"
      ]
    }
  },
  {
    "id": "gim_ce08d0",
    "name": "Gauntlet Match",
    "description": "One competitor faces a series of opponents; last person standing wins.",
    "rules": {
      "dqAllowed": true,
      "countouts": "normal",
      "pinfallAllowed": true,
      "submissionAllowed": true,
      "koAllowed": false,
      "escapeAllowed": false,
      "weaponsAllowed": false,
      "teamFormat": "multi",
      "participantCountMin": 3,
      "participantCountMax": 8,
      "environment": "ring",
      "specialWinConditions": [],
      "tags": [
        "series",
        "endurance"
      ]
    }
  },
  {
    "id": "gim_6237f6",
    "name": "Scramble Match",
    "description": "Timed multi-person match where the most recent fall holder at the final horn wins.",
    "rules": {
      "dqAllowed": true,
      "countouts": "normal",
      "pinfallAllowed": true,
      "submissionAllowed": true,
      "koAllowed": false,
      "escapeAllowed": false,
      "weaponsAllowed": false,
      "teamFormat": "multi",
      "participantCountMin": 4,
      "participantCountMax": 8,
      "environment": "ring",
      "specialWinConditions": [],
      "tags": [
        "timed",
        "multi"
      ]
    }
  },
  {
    "id": "gim_920462",
    "name": "Blindfold Match",
    "description": "Both wrestlers are blindfolded; ring awareness and crowd sound become the key tools.",
    "rules": {
      "dqAllowed": true,
      "countouts": "normal",
      "pinfallAllowed": true,
      "submissionAllowed": true,
      "koAllowed": false,
      "escapeAllowed": false,
      "weaponsAllowed": false,
      "teamFormat": "any",
      "participantCountMin": 2,
      "participantCountMax": 2,
      "environment": "ring",
      "specialWinConditions": [],
      "tags": [
        "novelty"
      ]
    }
  },
  {
    "id": "gim_9e6038",
    "name": "Boiler Room Brawl",
    "description": "Falls-count-anywhere-style fight that begins in the building’s boiler room—grimy, improvised, dangerous.",
    "rules": {
      "dqAllowed": false,
      "countouts": "anywhere",
      "pinfallAllowed": true,
      "submissionAllowed": true,
      "koAllowed": false,
      "escapeAllowed": false,
      "weaponsAllowed": true,
      "teamFormat": "any",
      "participantCountMin": 2,
      "participantCountMax": 2,
      "environment": "backstage",
      "specialWinConditions": [],
      "tags": [
        "hardcore",
        "falls_count_anywhere"
      ]
    }
  }
]