{
  "w_0001": {},
  "w_0002": {},
  "w_0003": {},
  "w_0004": {},
  "w_0005": {},
  "w_0006": {},
  "w_0007": {},
  "w_0008": {},
  "w_0009": {},
  "w_0010": {},
  "w_0011": {},
  "w_0012": {},
  "w_0013": {},
  "w_0014": {},
  "w_0015": {},
  "w_0016": {},
  "w_0017": {},
  "w_0018": {},
  "w_0019": {},
  "w_0020": {},
  "w_0021": {},
  "w_0022": {},
  "w_0023": {},
  "w_0024": {},
  "w_0025": {},
  "w_0026": {},
  "w_0027": {},
  "w_0028": {},
  "w_0029": {},
  "w_0030": {},
  "w_0031": {},
  "w_0032": {},
  "w_0033": {},
  "w_0034": {},
  "w_0035": {},
  "w_0036": {},
  "w_0037": {},
  "w_0038": {},
  "w_0039": {},
  "w_0040": {},
  "w_0041": {},
  "w_0042": {},
  "w_0043": {},
  "w_0044": {},
  "w_0045": {},
  "w_0046": {},
  "w_0047": {},
  "w_0048": {},
  "w_0049": {},
  "w_0050": {},
  "w_0051": {},
  "w_0052": {},
  "w_0053": {},
  "w_0054": {},
  "w_0055": {},
  "w_0056": {},
  "w_0057": {},
  "w_0058": {},
  "w_0059": {},
  "w_0060": {},
  "w_0061": {},
  "w_0062": {},
  "w_0063": {},
  "w_0064": {},
  "w_0065": {},
  "w_0066": {},
  "w_0067": {},
  "w_0068": {},
  "w_0069": {},
  "w_0070": {},
  "w_0071": {},
  "w_0072": {},
  "w_0073": {},
  "w_0074": {},
  "w_0075": {},
  "w_0076": {},
  "w_0077": {},
  "w_0078": {},
  "w_0079": {},
  "w_0080": {},
  "w_0081": {},
  "w_0082": {},
  "w_0083": {},
  "w_0084": {},
  "w_0085": {},
  "w_0086": {},
  "w_0087": {},
  "w_0088": {},
  "w_0089": {},
  "w_0090": {},
  "w_0091": {},
  "w_0092": {},
  "w_0093": {},
  "w_0094": {},
  "w_0095": {},
  "w_0096": {},
  "w_0097": {},
  "w_0098": {},
  "w_0099": {},
  "w_0100": {},
  "w_0101": {},
  "w_0102": {},
  "w_0103": {},
  "w_0104": {},
  "w_0105": {},
  "w_0106": {},
  "w_0107": {},
  "w_0108": {},
  "w_0109": {},
  "w_0110": {},
  "w_0127": {},
  "w_0128": {},
  "w_0129": {},
  "w_0130": {},
  "w_0131": {},
  "w_0132": {},
  "w_0133": {},
  "w_0134": {},
  "w_0135": {},
  "w_0136": {},
  "w_0137": {},
  "w_0138": {},
  "w_0139": {},
  "w_0140": {},
  "w_0141": {},
  "w_0142": {},
  "w_0143": {},
  "w_0144": {},
  "w_0145": {},
  "w_0146": {},
  "w_0147": {},
  "w_0148": {},
  "w_0149": {},
  "w_0150": {},
  "w_0151": {},
  "w_0152": {},
  "w_0153": {},
  "w_0154": {},
  "w_0155": {},
  "w_0156": {},
  "w_0157": {},
  "w_0158": {},
  "w_0159": {},
  "w_0160": {},
  "w_0161": {},
  "w_0162": {},
  "w_0163": {},
  "w_0164": {},
  "w_0165": {},
  "w_0166": {},
  "w_0167": {},
  "w_0168": {},
  "w_0169": {},
  "w_0170": {},
  "w_0171": {},
  "w_0172": {},
  "w_0173": {},
  "w_0174": {},
  "w_0175": {},
  "w_0176": {},
  "w_0177": {},
  "w_0178": {},
  "w_0179": {},
  "w_0180": {},
  "w_0181": {},
  "w_0182": {},
  "w_0183": {},
  "w_0184": {},
  "w_0185": {},
  "w_0186": {},
  "w_0187": {},
  "w_0188": {},
  "w_0189": {},
  "w_0190": {},
  "w_0191": {},
  "w_0192": {},
  "w_0193": {},
  "w_0194": {},
  "w_0195": {},
  "w_0196": {},
  "w_0197": {},
  "w_0198": {},
  "w_0199": {},
  "w_0200": {},
  "w_0201": {},
  "w_0202": {},
  "w_0203": {},
  "w_0204": {},
  "w_0205": {},
  "w_0206": {},
  "w_0207": {},
  "w_0208": {},
  "w_0209": {},
  "w_0210": {},
  "w_0211": {},
  "w_0212": {},
  "w_0213": {},
  "w_0214": {},
  "w_0215": {},
  "w_0216": {},
  "w_0217": {},
  "w_0218": {},
  "w_0219": {},
  "w_0220": {},
  "w_0221": {},
  "w_0222": {},
  "w_0235": {},
  "w_0236": {},
  "w_0237": {},
  "w_0238": {},
  "w_0239": {},
  "w_0240": {},
  "w_0241": {},
  "w_0242": {},
  "w_0243": {},
  "w_0244": {},
  "w_0245": {},
  "w_0246": {},
  "w_0247": {},
  "w_0248": {},
  "w_0249": {},
  "w_0250": {},
  "w_0251": {},
  "w_0252": {},
  "w_0253": {},
  "w_0254": {},
  "w_0255": {},
  "w_0256": {},
  "w_0257": {},
  "w_0258": {},
  "w_0259": {},
  "w_0260": {},
  "w_0261": {},
  "w_0262": {},
  "w_0263": {},
  "w_0264": {},
  "w_0265": {},
  "w_0266": {},
  "w_0267": {},
  "w_0268": {},
  "w_0269": {},
  "w_0270": {},
  "w_0271": {},
  "w_0272": {},
  "w_0273": {},
  "w_0274": {},
  "w_0275": {},
  "w_0276": {},
  "w_0277": {},
  "w_0278": {},
  "w_0279": {},
  "w_0280": {},
  "w_0281": {},
  "w_0282": {},
  "w_0283": {},
  "w_0284": {},
  "w_0285": {},
  "w_0286": {},
  "w_0287": {},
  "w_0288": {},
  "w_0289": {},
  "w_0290": {},
  "w_0291": {},
  "w_0292": {},
  "w_0293": {},
  "w_0294": {},
  "w_0295": {},
  "w_0296": {},
  "w_0297": {},
  "w_0298": {},
  "w_0299": {},
  "w_0300": {},
  "w_0301": {},
  "w_0302": {},
  "w_0303": {},
  "w_0304": {},
  "w_0305": {},
  "w_0306": {},
  "w_0307": {},
  "w_0308": {},
  "w_0309": {},
  "w_0310": {},
  "w_0311": {},
  "w_0312": {},
  "w_0313": {},
  "w_0314": {},
  "w_0315": {},
  "w_0316": {},
  "w_0317": {},
  "w_0318": {},
  "w_0319": {},
  "w_0320": {},
  "w_0321": {},
  "w_0322": {},
  "w_0323": {},
  "w_0324": {},
  "w_0325": {},
  "w_0326": {},
  "w_0327": {},
  "w_0328": {},
  "w_0329": {},
  "w_0330": {},
  "w_0331": {},
  "w_0332": {},
  "w_0333": {},
  "w_0334": {},
  "w_0335": {},
  "w_0336": {},
  "w_0337": {},
  "w_0338": {},
  "w_0339": {},
  "w_0340": {},
  "w_0341": {},
  "w_0342": {},
  "w_0343": {},
  "w_0358": {},
  "w_0359": {},
  "w_0360": {},
  "w_0361": {},
  "w_0362": {},
  "w_0363": {},
  "w_0364": {},
  "w_0365": {},
  "w_0366": {},
  "w_0367": {},
  "w_0368": {},
  "w_0369": {},
  "w_0370": {},
  "w_0371": {},
  "w_0372": {},
  "w_0373": {},
  "w_0374": {},
  "w_0375": {},
  "w_0376": {},
  "w_0377": {},
  "w_0378": {},
  "w_0379": {},
  "w_0380": {},
  "w_0381": {},
  "w_0382": {},
  "w_0383": {},
  "w_0384": {},
  "w_0385": {},
  "w_0386": {},
  "w_0387": {},
  "w_0388": {},
  "w_0389": {},
  "w_0390": {},
  "w_0391": {},
  "w_0392": {},
  "w_0393": {},
  "w_0394": {},
  "w_0395": {},
  "w_0396": {},
  "w_0397": {},
  "w_0398": {},
  "w_0399": {},
  "w_0400": {},
  "w_0401": {},
  "w_0402": {},
  "w_0403": {},
  "w_0404": {},
  "w_0405": {},
  "w_0406": {},
  "w_0407": {},
  "w_0408": {},
  "w_0409": {},
  "w_0410": {},
  "w_0411": {},
  "w_0412": {},
  "w_0413": {},
  "w_0414": {},
  "w_0415": {},
  "w_0416": {},
  "w_0417": {},
  "w_0418": {},
  "w_0419": {},
  "w_0420": {},
  "w_0421": {},
  "w_0422": {},
  "w_0423": {},
  "w_0424": {},
  "w_0425": {},
  "w_0426": {},
  "w_0427": {},
  "w_0428": {},
  "w_0429": {},
  "w_0430": {},
  "w_0431": {},
  "w_0432": {},
  "w_0433": {},
  "w_0434": {},
  "w_0435": {},
  "w_0436": {},
  "w_0437": {},
  "w_0438": {},
  "w_0439": {},
  "w_0440": {},
  "w_0441": {},
  "w_0442": {},
  "w_0443": {},
  "w_0444": {},
  "w_0445": {},
  "w_0446": {},
  "w_0447": {},
  "w_0448": {},
  "w_0449": {},
  "w_0450": {},
  "w_0451": {},
  "w_0452": {},
  "w_0453": {},
  "w_0454": {},
  "w_0455": {},
  "w_0456": {}
}