[
  {
    "id": "show_b0e0ac",
    "name": "Red Shift Live",
    "federationId": "fed_owl_a53b0c",
    "brandId": "brand_owlrs_b0d0fe",
    "dayOfWeek": "Monday",
    "isHouseShow": false,
    "description": "Prime-time OWL with countdown graphics, ‘ignition’ main events, and Solar Championship story beats that launch season-long arcs.",
    "image": "",
    "imageData": "",
    "imageMime": "",
    "imageFilename": "",
    "videoLink": ""
  },
  {
    "id": "show_40063f",
    "name": "Lunar Night",
    "federationId": "fed_owl_a53b0c",
    "brandId": "brand_owlln_20bd1f",
    "dayOfWeek": "Tuesday",
    "isHouseShow": false,
    "description": "A moody, late-night OWL showcase where technicians and prospects climb the Lunar ladder under noir blue lighting.",
    "image": "",
    "imageData": "",
    "imageMime": "",
    "imageFilename": "",
    "videoLink": ""
  },
  {
    "id": "show_aa54f9",
    "name": "Launch Pad Live (House)",
    "federationId": "fed_owl_a53b0c",
    "brandId": null,
    "dayOfWeek": "Saturday",
    "isHouseShow": true,
    "description": "Untelevised OWL tour—meet-and-greets, experimental matches, and surprise ‘Zero-G’ stip bouts that test new finishers with the crowd.",
    "image": "",
    "imageData": "",
    "imageMime": "",
    "imageFilename": "",
    "videoLink": ""
  },
  {
    "id": "show_96851e",
    "name": "Foundry Fight Night",
    "federationId": "fed_icw_c774bb",
    "brandId": "brand_icwfn_45ecb2",
    "dayOfWeek": "Tuesday",
    "isHouseShow": false,
    "description": "Time-limit sprints inside a working steelworks. Circuit points on the line—upsets reshuffle the tournament brackets weekly.",
    "image": "",
    "imageData": "",
    "imageMime": "",
    "imageFilename": "",
    "videoLink": ""
  },
  {
    "id": "show_fe3e70",
    "name": "Main Line Clash",
    "federationId": "fed_icw_c774bb",
    "brandId": "brand_icwml_1f38f7",
    "dayOfWeek": "Friday",
    "isHouseShow": false,
    "description": "The railcar stage rolls into a new city each week for top-seed showdowns, promo packages, and seeding shocks before paydays.",
    "image": "",
    "imageData": "",
    "imageMime": "",
    "imageFilename": "",
    "videoLink": ""
  },
  {
    "id": "show_903e43",
    "name": "Grand Prix House (House)",
    "federationId": "fed_icw_c774bb",
    "brandId": null,
    "dayOfWeek": "Sunday",
    "isHouseShow": true,
    "description": "Fan-heavy cards that mix veterans with prospects in round-robin previews; winners earn dark-match bonuses and circuit invitations.",
    "image": "",
    "imageData": "",
    "imageMime": "",
    "imageFilename": "",
    "videoLink": ""
  },
  {
    "id": "show_ac6349",
    "name": "Neon Rampage Live",
    "federationId": "fed_kcw_ab70f0",
    "brandId": "brand_kcwnr_c230fa",
    "dayOfWeek": "Wednesday",
    "isHouseShow": false,
    "description": "A neon-night brawl down a prop-filled city street: rooftop dives, billboard smashes, and sentai-style hot tags.",
    "image": "",
    "imageData": "",
    "imageMime": "",
    "imageFilename": "",
    "videoLink": ""
  },
  {
    "id": "show_fbabb4",
    "name": "Titan Circuit Live",
    "federationId": "fed_kcw_ab70f0",
    "brandId": "brand_kcwtc_7cef0a",
    "dayOfWeek": "Monday",
    "isHouseShow": false,
    "description": "Heavyweight kaiju collisions with destructible set pieces and boss-fight stipulations that escalate across the season.",
    "image": "",
    "imageData": "",
    "imageMime": "",
    "imageFilename": "",
    "videoLink": ""
  },
  {
    "id": "show_315d7e",
    "name": "Monster Mash Tour (House)",
    "federationId": "fed_kcw_ab70f0",
    "brandId": null,
    "dayOfWeek": "Saturday",
    "isHouseShow": true,
    "description": "Family-friendly weekend cards where masked monsters meet fans, heroes test new finishers, and kids choose the ‘destruction prop of the night.’",
    "image": "",
    "imageData": "",
    "imageMime": "",
    "imageFilename": "",
    "videoLink": ""
  },
  {
    "id": "show_28e59e",
    "name": "Trail West",
    "federationId": "fed_fsa_bbaa28",
    "brandId": "brand_fsatw_4fcf9a",
    "dayOfWeek": "Thursday",
    "isHouseShow": false,
    "description": "Territory-style title defenses in historical theaters and ballrooms; campfire promos light the fuse for traveling feuds.",
    "image": "",
    "imageData": "",
    "imageMime": "",
    "imageFilename": "",
    "videoLink": ""
  },
  {
    "id": "show_9a93d8",
    "name": "Stampede Spotlight",
    "federationId": "fed_fsa_bbaa28",
    "brandId": "brand_fsas_038fb0",
    "dayOfWeek": "Friday",
    "isHouseShow": false,
    "description": "Big-venue showcases with rodeo flourishes. Cross-brand clashes set the stage for the season’s Stampede supercards.",
    "image": "",
    "imageData": "",
    "imageMime": "",
    "imageFilename": "",
    "videoLink": ""
  },
  {
    "id": "show_43c323",
    "name": "Outpost Rounds (House)",
    "federationId": "fed_fsa_bbaa28",
    "brandId": null,
    "dayOfWeek": "Sunday",
    "isHouseShow": true,
    "description": "Sunday loops through fairgrounds and barns where hometown heroes defend regional straps in intimate, rowdy atmospheres.",
    "image": "",
    "imageData": "",
    "imageMime": "",
    "imageFilename": "",
    "videoLink": ""
  }
]