[
  {
    "id": "ppv_d80529",
    "name": "Liftoff",
    "prestige": 720,
    "isBiggestEventOfYear": false,
    "numberOfNights": 1,
    "federationIds": [
      "fed_owl_a53b0c"
    ],
    "brandIds": [],
    "runMonth": 1,
    "runWeekendOfMonth": 2,
    "description": "Season-opening spectacle that sets trajectories for every division. Surprise countdown cash-ins are tradition.",
    "image": "",
    "imageData": "",
    "imageMime": "",
    "imageFilename": "",
    "videoLink": ""
  },
  {
    "id": "ppv_43af45",
    "name": "Solar Flare",
    "prestige": 780,
    "isBiggestEventOfYear": false,
    "numberOfNights": 1,
    "federationIds": [
      "fed_owl_a53b0c"
    ],
    "brandIds": [
      "brand_owlrs_b0d0fe"
    ],
    "runMonth": 3,
    "runWeekendOfMonth": 2,
    "description": "Red Shift-exclusive show where the Solar Championship scene explodes with blockbuster stipulations.",
    "image": "",
    "imageData": "",
    "imageMime": "",
    "imageFilename": "",
    "videoLink": ""
  },
  {
    "id": "ppv_56d339",
    "name": "Lunar Eclipse",
    "prestige": 770,
    "isBiggestEventOfYear": false,
    "numberOfNights": 1,
    "federationIds": [
      "fed_owl_a53b0c"
    ],
    "brandIds": [
      "brand_owlln_20bd1f"
    ],
    "runMonth": 3,
    "runWeekendOfMonth": 2,
    "description": "Lunar Night takes over with technical clinics and #1 contender gauntlets under moody blue lights.",
    "image": "",
    "imageData": "",
    "imageMime": "",
    "imageFilename": "",
    "videoLink": ""
  },
  {
    "id": "ppv_8ca32d",
    "name": "Apogee",
    "prestige": 980,
    "isBiggestEventOfYear": true,
    "numberOfNights": 2,
    "federationIds": [
      "fed_owl_a53b0c"
    ],
    "brandIds": [],
    "runMonth": 4,
    "runWeekendOfMonth": 4,
    "description": "OWL’s grandest show of the year—a two-night orbit around every feud, ending with ‘Ignition’ finales.",
    "image": "",
    "imageData": "",
    "imageMime": "",
    "imageFilename": "",
    "videoLink": ""
  },
  {
    "id": "ppv_0b7e16",
    "name": "Orbit Rumble",
    "prestige": 800,
    "isBiggestEventOfYear": false,
    "numberOfNights": 1,
    "federationIds": [
      "fed_owl_a53b0c"
    ],
    "brandIds": [],
    "runMonth": 5,
    "runWeekendOfMonth": 3,
    "description": "A massive over-the-top battle where the winner plots a course to the Solar title shot.",
    "image": "",
    "imageData": "",
    "imageMime": "",
    "imageFilename": "",
    "videoLink": ""
  },
  {
    "id": "ppv_6ab66e",
    "name": "Perihelion",
    "prestige": 820,
    "isBiggestEventOfYear": false,
    "numberOfNights": 1,
    "federationIds": [
      "fed_owl_a53b0c"
    ],
    "brandIds": [],
    "runMonth": 6,
    "runWeekendOfMonth": 4,
    "description": "High-speed summer showdown as rivalries heat up at closest approach.",
    "image": "",
    "imageData": "",
    "imageMime": "",
    "imageFilename": "",
    "videoLink": ""
  },
  {
    "id": "ppv_ef5959",
    "name": "Cosmic Collision",
    "prestige": 840,
    "isBiggestEventOfYear": false,
    "numberOfNights": 1,
    "federationIds": [
      "fed_owl_a53b0c"
    ],
    "brandIds": [],
    "runMonth": 7,
    "runWeekendOfMonth": 2,
    "description": "Cross-division clashes that knock contenders into new orbits.",
    "image": "",
    "imageData": "",
    "imageMime": "",
    "imageFilename": "",
    "videoLink": ""
  },
  {
    "id": "ppv_99b065",
    "name": "Starlight Specter",
    "prestige": 760,
    "isBiggestEventOfYear": false,
    "numberOfNights": 1,
    "federationIds": [
      "fed_owl_a53b0c"
    ],
    "brandIds": [],
    "runMonth": 8,
    "runWeekendOfMonth": 1,
    "description": "A flashier B-show dripping in retro-futurist entrances and experimental match types.",
    "image": "",
    "imageData": "",
    "imageMime": "",
    "imageFilename": "",
    "videoLink": ""
  },
  {
    "id": "ppv_ddd1b1",
    "name": "Atmosphere Break",
    "prestige": 790,
    "isBiggestEventOfYear": false,
    "numberOfNights": 1,
    "federationIds": [
      "fed_owl_a53b0c"
    ],
    "brandIds": [],
    "runMonth": 9,
    "runWeekendOfMonth": 3,
    "description": "Hard-hitting card where prospects ‘break through’ to the main event stratosphere.",
    "image": "",
    "imageData": "",
    "imageMime": "",
    "imageFilename": "",
    "videoLink": ""
  },
  {
    "id": "ppv_7a2422",
    "name": "Dark Side Derby",
    "prestige": 805,
    "isBiggestEventOfYear": false,
    "numberOfNights": 1,
    "federationIds": [
      "fed_owl_a53b0c"
    ],
    "brandIds": [
      "brand_owlln_20bd1f"
    ],
    "runMonth": 10,
    "runWeekendOfMonth": 2,
    "description": "Lunar-exclusive special with submission-only main events in long, technical marathons.",
    "image": "",
    "imageData": "",
    "imageMime": "",
    "imageFilename": "",
    "videoLink": ""
  },
  {
    "id": "ppv_fab5bc",
    "name": "Trajectory",
    "prestige": 830,
    "isBiggestEventOfYear": false,
    "numberOfNights": 1,
    "federationIds": [
      "fed_owl_a53b0c"
    ],
    "brandIds": [],
    "runMonth": 11,
    "runWeekendOfMonth": 3,
    "description": "Playoff-style brackets send winners toward Apogee season.",
    "image": "",
    "imageData": "",
    "imageMime": "",
    "imageFilename": "",
    "videoLink": ""
  },
  {
    "id": "ppv_8a9954",
    "name": "Countdown Classic",
    "prestige": 780,
    "isBiggestEventOfYear": false,
    "numberOfNights": 1,
    "federationIds": [
      "fed_owl_a53b0c"
    ],
    "brandIds": [],
    "runMonth": 12,
    "runWeekendOfMonth": 1,
    "description": "Fan-choice stipulations and surprise returns light the fuse for the new year.",
    "image": "",
    "imageData": "",
    "imageMime": "",
    "imageFilename": "",
    "videoLink": ""
  },
  {
    "id": "ppv_af0dbc",
    "name": "Steel Open",
    "prestige": 740,
    "isBiggestEventOfYear": false,
    "numberOfNights": 1,
    "federationIds": [
      "fed_icw_c774bb"
    ],
    "brandIds": [],
    "runMonth": 1,
    "runWeekendOfMonth": 3,
    "description": "Launch of the annual points race with endurance showcases and technical headliners.",
    "image": "",
    "imageData": "",
    "imageMime": "",
    "imageFilename": "",
    "videoLink": ""
  },
  {
    "id": "ppv_494b0a",
    "name": "Rivets & Ropes",
    "prestige": 760,
    "isBiggestEventOfYear": false,
    "numberOfNights": 1,
    "federationIds": [
      "fed_icw_c774bb"
    ],
    "brandIds": [],
    "runMonth": 2,
    "runWeekendOfMonth": 2,
    "description": "Hybrid rules bouts inside a minimalist factory set—precision and grit win out.",
    "image": "",
    "imageData": "",
    "imageMime": "",
    "imageFilename": "",
    "videoLink": ""
  },
  {
    "id": "ppv_2a059b",
    "name": "Voltage Trials",
    "prestige": 770,
    "isBiggestEventOfYear": false,
    "numberOfNights": 1,
    "federationIds": [
      "fed_icw_c774bb"
    ],
    "brandIds": [],
    "runMonth": 3,
    "runWeekendOfMonth": 4,
    "description": "A seeding event where shock upsets can rewire the whole circuit table.",
    "image": "",
    "imageData": "",
    "imageMime": "",
    "imageFilename": "",
    "videoLink": ""
  },
  {
    "id": "ppv_3ad560",
    "name": "Grand Circuit Summit",
    "prestige": 970,
    "isBiggestEventOfYear": true,
    "numberOfNights": 2,
    "federationIds": [
      "fed_icw_c774bb"
    ],
    "brandIds": [],
    "runMonth": 4,
    "runWeekendOfMonth": 3,
    "description": "Two-night tourney finals with the Iron Crown hoisted under raining sparks.",
    "image": "",
    "imageData": "",
    "imageMime": "",
    "imageFilename": "",
    "videoLink": ""
  },
  {
    "id": "ppv_a0a9d3",
    "name": "Iron Crown",
    "prestige": 820,
    "isBiggestEventOfYear": false,
    "numberOfNights": 1,
    "federationIds": [
      "fed_icw_c774bb"
    ],
    "brandIds": [],
    "runMonth": 5,
    "runWeekendOfMonth": 2,
    "description": "A title defense showcase where challengers are chosen purely by points.",
    "image": "",
    "imageData": "",
    "imageMime": "",
    "imageFilename": "",
    "videoLink": ""
  },
  {
    "id": "ppv_4fc2f5",
    "name": "Grindhouse Games",
    "prestige": 800,
    "isBiggestEventOfYear": false,
    "numberOfNights": 1,
    "federationIds": [
      "fed_icw_c774bb"
    ],
    "brandIds": [],
    "runMonth": 6,
    "runWeekendOfMonth": 5,
    "description": "Stamina-draining multi-fall series across one night; cardio monsters thrive.",
    "image": "",
    "imageData": "",
    "imageMime": "",
    "imageFilename": "",
    "videoLink": ""
  },
  {
    "id": "ppv_84b93c",
    "name": "Main Line Mayhem",
    "prestige": 790,
    "isBiggestEventOfYear": false,
    "numberOfNights": 1,
    "federationIds": [
      "fed_icw_c774bb"
    ],
    "brandIds": [
      "brand_icwml_1f38f7"
    ],
    "runMonth": 7,
    "runWeekendOfMonth": 2,
    "description": "Main Line-brand exclusive with travelogue promos and top-seed clashes.",
    "image": "",
    "imageData": "",
    "imageMime": "",
    "imageFilename": "",
    "videoLink": ""
  },
  {
    "id": "ppv_39255c",
    "name": "Foundry Forge",
    "prestige": 790,
    "isBiggestEventOfYear": false,
    "numberOfNights": 1,
    "federationIds": [
      "fed_icw_c774bb"
    ],
    "brandIds": [
      "brand_icwfn_45ecb2"
    ],
    "runMonth": 8,
    "runWeekendOfMonth": 2,
    "description": "Foundry-brand exclusive from a roaring steelworks crowd; precise, punishing wrestling.",
    "image": "",
    "imageData": "",
    "imageMime": "",
    "imageFilename": "",
    "videoLink": ""
  },
  {
    "id": "ppv_ae4856",
    "name": "Checkpoint 9",
    "prestige": 780,
    "isBiggestEventOfYear": false,
    "numberOfNights": 1,
    "federationIds": [
      "fed_icw_c774bb"
    ],
    "brandIds": [],
    "runMonth": 9,
    "runWeekendOfMonth": 2,
    "description": "The last big data point before the playoff bracket locks in.",
    "image": "",
    "imageData": "",
    "imageMime": "",
    "imageFilename": "",
    "videoLink": ""
  },
  {
    "id": "ppv_0f6594",
    "name": "Last Stand",
    "prestige": 800,
    "isBiggestEventOfYear": false,
    "numberOfNights": 1,
    "federationIds": [
      "fed_icw_c774bb"
    ],
    "brandIds": [],
    "runMonth": 10,
    "runWeekendOfMonth": 4,
    "description": "All grudges settled in austere, no-frills settings that feel like final exams.",
    "image": "",
    "imageData": "",
    "imageMime": "",
    "imageFilename": "",
    "videoLink": ""
  },
  {
    "id": "ppv_a2bcb2",
    "name": "Catalyst Cup",
    "prestige": 830,
    "isBiggestEventOfYear": false,
    "numberOfNights": 1,
    "federationIds": [
      "fed_icw_c774bb"
    ],
    "brandIds": [],
    "runMonth": 11,
    "runWeekendOfMonth": 2,
    "description": "An invitational cup where dark horses try to spark title runs.",
    "image": "",
    "imageData": "",
    "imageMime": "",
    "imageFilename": "",
    "videoLink": ""
  },
  {
    "id": "ppv_c50d6b",
    "name": "Winter Weld",
    "prestige": 760,
    "isBiggestEventOfYear": false,
    "numberOfNights": 1,
    "federationIds": [
      "fed_icw_c774bb"
    ],
    "brandIds": [],
    "runMonth": 12,
    "runWeekendOfMonth": 1,
    "description": "Cold-air brawls and heavy chain-wrestling cap the year inside a frosty depot.",
    "image": "",
    "imageData": "",
    "imageMime": "",
    "imageFilename": "",
    "videoLink": ""
  },
  {
    "id": "ppv_2759ce",
    "name": "Neon Dawn",
    "prestige": 730,
    "isBiggestEventOfYear": false,
    "numberOfNights": 1,
    "federationIds": [
      "fed_kcw_ab70f0"
    ],
    "brandIds": [],
    "runMonth": 1,
    "runWeekendOfMonth": 2,
    "description": "Brightest lights, wildest dives—KCW kicks off with a sunrise on the skyline.",
    "image": "",
    "imageData": "",
    "imageMime": "",
    "imageFilename": "",
    "videoLink": ""
  },
  {
    "id": "ppv_284385",
    "name": "Heart of the City",
    "prestige": 750,
    "isBiggestEventOfYear": false,
    "numberOfNights": 1,
    "federationIds": [
      "fed_kcw_ab70f0"
    ],
    "brandIds": [],
    "runMonth": 2,
    "runWeekendOfMonth": 3,
    "description": "Tag team love letters and citywide stipulations celebrate fan favorites.",
    "image": "",
    "imageData": "",
    "imageMime": "",
    "imageFilename": "",
    "videoLink": ""
  },
  {
    "id": "ppv_1969a1",
    "name": "Neon Block Party",
    "prestige": 780,
    "isBiggestEventOfYear": false,
    "numberOfNights": 1,
    "federationIds": [
      "fed_kcw_ab70f0"
    ],
    "brandIds": [
      "brand_kcwnr_c230fa"
    ],
    "runMonth": 3,
    "runWeekendOfMonth": 3,
    "description": "Street-level chaos where every match spills into a themed city block.",
    "image": "",
    "imageData": "",
    "imageMime": "",
    "imageFilename": "",
    "videoLink": ""
  },
  {
    "id": "ppv_ddf409",
    "name": "Titan Bash",
    "prestige": 790,
    "isBiggestEventOfYear": false,
    "numberOfNights": 1,
    "federationIds": [
      "fed_kcw_ab70f0"
    ],
    "brandIds": [
      "brand_kcwtc_7cef0a"
    ],
    "runMonth": 3,
    "runWeekendOfMonth": 3,
    "description": "Heavyweight festival with destructible props and boss-fight finales.",
    "image": "",
    "imageData": "",
    "imageMime": "",
    "imageFilename": "",
    "videoLink": ""
  },
  {
    "id": "ppv_7b949a",
    "name": "Cityfall",
    "prestige": 975,
    "isBiggestEventOfYear": true,
    "numberOfNights": 2,
    "federationIds": [
      "fed_kcw_ab70f0"
    ],
    "brandIds": [],
    "runMonth": 4,
    "runWeekendOfMonth": 4,
    "description": "The skyline-shaking season peak—two nights of mega-matches and cinematic finishes.",
    "image": "",
    "imageData": "",
    "imageMime": "",
    "imageFilename": "",
    "videoLink": ""
  },
  {
    "id": "ppv_bd9007",
    "name": "Skyline Smash",
    "prestige": 800,
    "isBiggestEventOfYear": false,
    "numberOfNights": 1,
    "federationIds": [
      "fed_kcw_ab70f0"
    ],
    "brandIds": [],
    "runMonth": 5,
    "runWeekendOfMonth": 2,
    "description": "Rooftop rumbles and billboard brawls crown the fastest risers.",
    "image": "",
    "imageData": "",
    "imageMime": "",
    "imageFilename": "",
    "videoLink": ""
  },
  {
    "id": "ppv_ae46d7",
    "name": "Megatower Melee",
    "prestige": 820,
    "isBiggestEventOfYear": false,
    "numberOfNights": 1,
    "federationIds": [
      "fed_kcw_ab70f0"
    ],
    "brandIds": [],
    "runMonth": 6,
    "runWeekendOfMonth": 3,
    "description": "A ladder of escalating stipulations inside a towering set piece.",
    "image": "",
    "imageData": "",
    "imageMime": "",
    "imageFilename": "",
    "videoLink": ""
  },
  {
    "id": "ppv_5a9ea9",
    "name": "Arcade Anarchy",
    "prestige": 790,
    "isBiggestEventOfYear": false,
    "numberOfNights": 1,
    "federationIds": [
      "fed_kcw_ab70f0"
    ],
    "brandIds": [],
    "runMonth": 7,
    "runWeekendOfMonth": 1,
    "description": "Power-ups and sudden-death rounds bring retro-game chaos to life.",
    "image": "",
    "imageData": "",
    "imageMime": "",
    "imageFilename": "",
    "videoLink": ""
  },
  {
    "id": "ppv_132814",
    "name": "Monorail Madness",
    "prestige": 780,
    "isBiggestEventOfYear": false,
    "numberOfNights": 1,
    "federationIds": [
      "fed_kcw_ab70f0"
    ],
    "brandIds": [],
    "runMonth": 8,
    "runWeekendOfMonth": 2,
    "description": "Matches snake across a moving platform set—balance and timing are everything.",
    "image": "",
    "imageData": "",
    "imageMime": "",
    "imageFilename": "",
    "videoLink": ""
  },
  {
    "id": "ppv_690c39",
    "name": "Kaiju Tag Carnival",
    "prestige": 800,
    "isBiggestEventOfYear": false,
    "numberOfNights": 1,
    "federationIds": [
      "fed_kcw_ab70f0"
    ],
    "brandIds": [],
    "runMonth": 9,
    "runWeekendOfMonth": 5,
    "description": "International tag tourneys, mascots, and multi-team spectacles for all ages.",
    "image": "",
    "imageData": "",
    "imageMime": "",
    "imageFilename": "",
    "videoLink": ""
  },
  {
    "id": "ppv_e3a544",
    "name": "Monster's Ballad",
    "prestige": 770,
    "isBiggestEventOfYear": false,
    "numberOfNights": 1,
    "federationIds": [
      "fed_kcw_ab70f0"
    ],
    "brandIds": [],
    "runMonth": 10,
    "runWeekendOfMonth": 1,
    "description": "Masked monsters tell long-form stories through brutal, melodic matches.",
    "image": "",
    "imageData": "",
    "imageMime": "",
    "imageFilename": "",
    "videoLink": ""
  },
  {
    "id": "ppv_36796b",
    "name": "Neon Finale",
    "prestige": 820,
    "isBiggestEventOfYear": false,
    "numberOfNights": 1,
    "federationIds": [
      "fed_kcw_ab70f0"
    ],
    "brandIds": [],
    "runMonth": 11,
    "runWeekendOfMonth": 4,
    "description": "Season-closing fireworks with surprise returns and year-end grudges.",
    "image": "",
    "imageData": "",
    "imageMime": "",
    "imageFilename": "",
    "videoLink": ""
  },
  {
    "id": "ppv_1475ec",
    "name": "Rooftop Rumble",
    "prestige": 760,
    "isBiggestEventOfYear": false,
    "numberOfNights": 1,
    "federationIds": [
      "fed_kcw_ab70f0"
    ],
    "brandIds": [],
    "runMonth": 12,
    "runWeekendOfMonth": 2,
    "description": "Holiday spectacle where it ‘snows confetti’ on a skyline rooftop set.",
    "image": "",
    "imageData": "",
    "imageMime": "",
    "imageFilename": "",
    "videoLink": ""
  },
  {
    "id": "ppv_8ab34f",
    "name": "New Frontier",
    "prestige": 740,
    "isBiggestEventOfYear": false,
    "numberOfNights": 1,
    "federationIds": [
      "fed_fsa_bbaa28"
    ],
    "brandIds": [],
    "runMonth": 1,
    "runWeekendOfMonth": 2,
    "description": "A new year of outposts opens as champions draw lots for first defenses.",
    "image": "",
    "imageData": "",
    "imageMime": "",
    "imageFilename": "",
    "videoLink": ""
  },
  {
    "id": "ppv_f17c58",
    "name": "Trailblaze",
    "prestige": 760,
    "isBiggestEventOfYear": false,
    "numberOfNights": 1,
    "federationIds": [
      "fed_fsa_bbaa28"
    ],
    "brandIds": [],
    "runMonth": 2,
    "runWeekendOfMonth": 3,
    "description": "Rivalries ignite across regions with road-movie style vignettes.",
    "image": "",
    "imageData": "",
    "imageMime": "",
    "imageFilename": "",
    "videoLink": ""
  },
  {
    "id": "ppv_bf5a3f",
    "name": "Dust Devil Derby",
    "prestige": 770,
    "isBiggestEventOfYear": false,
    "numberOfNights": 1,
    "federationIds": [
      "fed_fsa_bbaa28"
    ],
    "brandIds": [],
    "runMonth": 3,
    "runWeekendOfMonth": 1,
    "description": "Tornado-tag stipulations whip feuds into whirling chaos.",
    "image": "",
    "imageData": "",
    "imageMime": "",
    "imageFilename": "",
    "videoLink": ""
  },
  {
    "id": "ppv_8f2cb2",
    "name": "High Noon Stampede",
    "prestige": 985,
    "isBiggestEventOfYear": true,
    "numberOfNights": 2,
    "federationIds": [
      "fed_fsa_bbaa28"
    ],
    "brandIds": [],
    "runMonth": 4,
    "runWeekendOfMonth": 4,
    "description": "Two-night showdown where legends are made under a blazing marquee.",
    "image": "",
    "imageData": "",
    "imageMime": "",
    "imageFilename": "",
    "videoLink": ""
  },
  {
    "id": "ppv_33d7cb",
    "name": "Silver Spur Series",
    "prestige": 790,
    "isBiggestEventOfYear": false,
    "numberOfNights": 1,
    "federationIds": [
      "fed_fsa_bbaa28"
    ],
    "brandIds": [
      "brand_fsatw_4fcf9a"
    ],
    "runMonth": 5,
    "runWeekendOfMonth": 2,
    "description": "Trail West-exclusive with territorial grudge bouts under string lights.",
    "image": "",
    "imageData": "",
    "imageMime": "",
    "imageFilename": "",
    "videoLink": ""
  },
  {
    "id": "ppv_06ff72",
    "name": "Rodeo Royale",
    "prestige": 800,
    "isBiggestEventOfYear": false,
    "numberOfNights": 1,
    "federationIds": [
      "fed_fsa_bbaa28"
    ],
    "brandIds": [
      "brand_fsas_038fb0"
    ],
    "runMonth": 6,
    "runWeekendOfMonth": 2,
    "description": "Stampede-exclusive prizefight card with rodeo pageantry and ladder spotfests.",
    "image": "",
    "imageData": "",
    "imageMime": "",
    "imageFilename": "",
    "videoLink": ""
  },
  {
    "id": "ppv_ff045d",
    "name": "Crossroads Clash",
    "prestige": 780,
    "isBiggestEventOfYear": false,
    "numberOfNights": 1,
    "federationIds": [
      "fed_fsa_bbaa28"
    ],
    "brandIds": [],
    "runMonth": 7,
    "runWeekendOfMonth": 3,
    "description": "Champions from different outposts collide at a dusty crossroads.",
    "image": "",
    "imageData": "",
    "imageMime": "",
    "imageFilename": "",
    "videoLink": ""
  },
  {
    "id": "ppv_f60597",
    "name": "Prairie Pride",
    "prestige": 770,
    "isBiggestEventOfYear": false,
    "numberOfNights": 1,
    "federationIds": [
      "fed_fsa_bbaa28"
    ],
    "brandIds": [],
    "runMonth": 8,
    "runWeekendOfMonth": 1,
    "description": "An ode to heartland heroes, with family feud blow-offs.",
    "image": "",
    "imageData": "",
    "imageMime": "",
    "imageFilename": "",
    "videoLink": ""
  },
  {
    "id": "ppv_bf4f05",
    "name": "Boomtown Brawl",
    "prestige": 790,
    "isBiggestEventOfYear": false,
    "numberOfNights": 1,
    "federationIds": [
      "fed_fsa_bbaa28"
    ],
    "brandIds": [],
    "runMonth": 9,
    "runWeekendOfMonth": 3,
    "description": "Boisterous fight-night in a gold-rush set; sudden riches, sudden betrayals.",
    "image": "",
    "imageData": "",
    "imageMime": "",
    "imageFilename": "",
    "videoLink": ""
  },
  {
    "id": "ppv_3625c7",
    "name": "Ghost Town Showdown",
    "prestige": 800,
    "isBiggestEventOfYear": false,
    "numberOfNights": 1,
    "federationIds": [
      "fed_fsa_bbaa28"
    ],
    "brandIds": [],
    "runMonth": 10,
    "runWeekendOfMonth": 5,
    "description": "Haunting lighting and no-rope grudge matches inside an abandoned street set.",
    "image": "",
    "imageData": "",
    "imageMime": "",
    "imageFilename": "",
    "videoLink": ""
  },
  {
    "id": "ppv_7bf0b4",
    "name": "Last Outpost",
    "prestige": 820,
    "isBiggestEventOfYear": false,
    "numberOfNights": 1,
    "federationIds": [
      "fed_fsa_bbaa28"
    ],
    "brandIds": [],
    "runMonth": 11,
    "runWeekendOfMonth": 2,
    "description": "Final territorial defenses before the winter drive.",
    "image": "",
    "imageData": "",
    "imageMime": "",
    "imageFilename": "",
    "videoLink": ""
  },
  {
    "id": "ppv_ef3680",
    "name": "Winter Drive",
    "prestige": 760,
    "isBiggestEventOfYear": false,
    "numberOfNights": 1,
    "federationIds": [
      "fed_fsa_bbaa28"
    ],
    "brandIds": [],
    "runMonth": 12,
    "runWeekendOfMonth": 1,
    "description": "Caravans roll south as rivalries find one last campfire resolution.",
    "image": "",
    "imageData": "",
    "imageMime": "",
    "imageFilename": "",
    "videoLink": ""
  },
  {
    "id": "ppv_1957b5",
    "name": "Worlds Collide Invitational",
    "prestige": 950,
    "isBiggestEventOfYear": false,
    "numberOfNights": 2,
    "federationIds": [
      "fed_owl_a53b0c",
      "fed_icw_c774bb",
      "fed_kcw_ab70f0",
      "fed_fsa_bbaa28"
    ],
    "brandIds": [],
    "runMonth": 12,
    "runWeekendOfMonth": 4,
    "description": "A two-night worldwide tournament featuring contenders from every federation. Pride, prestige, and surprise alliances—no single brand owns the night.",
    "image": "",
    "imageData": "",
    "imageMime": "",
    "imageFilename": "",
    "videoLink": ""
  }
]