[
  {
    "id": "st_0124",
    "name": "Solar Rocket Syndicate",
    "memberIds": [
      "w_0030",
      "w_0022",
      "w_0013",
      "w_0016",
      "w_0028"
    ]
  },
  {
    "id": "st_0125",
    "name": "Cosmic Galaxy Syndicate",
    "memberIds": [
      "w_0041",
      "w_0025",
      "w_0037"
    ]
  },
  {
    "id": "st_0126",
    "name": "Solar Astronaut Syndicate",
    "memberIds": [
      "w_0048",
      "w_0037",
      "w_0045",
      "w_0029",
      "w_0063"
    ]
  },
  {
    "id": "st_0233",
    "name": "Steel Engine Syndicate",
    "memberIds": [
      "w_0176",
      "w_0134",
      "w_0135",
      "w_0181"
    ]
  },
  {
    "id": "st_0234",
    "name": "Industrial Engine Syndicate",
    "memberIds": [
      "w_0142",
      "w_0147",
      "w_0140",
      "w_0181",
      "w_0151"
    ]
  },
  {
    "id": "st_0355",
    "name": "Neon Zilla Syndicate",
    "memberIds": [
      "w_0239",
      "w_0260",
      "w_0288"
    ]
  },
  {
    "id": "st_0356",
    "name": "Ultra Rex Syndicate",
    "memberIds": [
      "w_0242",
      "w_0295",
      "w_0257"
    ]
  },
  {
    "id": "st_0357",
    "name": "Dragon Rex Syndicate",
    "memberIds": [
      "w_0278",
      "w_0283",
      "w_0280",
      "w_0265",
      "w_0270"
    ]
  },
  {
    "id": "st_0467",
    "name": "Wild Rider Syndicate",
    "memberIds": [
      "w_0404",
      "w_0399",
      "w_0387",
      "w_0370",
      "w_0388"
    ]
  },
  {
    "id": "st_0468",
    "name": "Outlaw Cowboy Syndicate",
    "memberIds": [
      "w_0367",
      "w_0398",
      "w_0393"
    ]
  }
]