[
  {
    "id": "tt_0111",
    "name": "Solar & Zero-G",
    "memberIds": [
      "w_0010",
      "w_0023"
    ]
  },
  {
    "id": "tt_0112",
    "name": "Astro & Zero-G",
    "memberIds": [
      "w_0016",
      "w_0006"
    ]
  },
  {
    "id": "tt_0113",
    "name": "Nova & Galactic",
    "memberIds": [
      "w_0035",
      "w_0004"
    ]
  },
  {
    "id": "tt_0114",
    "name": "Galactic & Galactic",
    "memberIds": [
      "w_0020",
      "w_0019"
    ]
  },
  {
    "id": "tt_0115",
    "name": "Quantum & Zero-G",
    "memberIds": [
      "w_0005",
      "w_0023"
    ]
  },
  {
    "id": "tt_0116",
    "name": "Rocket & Lunar",
    "memberIds": [
      "w_0007",
      "w_0012"
    ]
  },
  {
    "id": "tt_0117",
    "name": "Solar & Zero-G",
    "memberIds": [
      "w_0025",
      "w_0011"
    ]
  },
  {
    "id": "tt_0118",
    "name": "Nova & Galactic",
    "memberIds": [
      "w_0035",
      "w_0019"
    ]
  },
  {
    "id": "tt_0119",
    "name": "Solar & Cosmic",
    "memberIds": [
      "w_0051",
      "w_0065"
    ]
  },
  {
    "id": "tt_0120",
    "name": "Lunar & Stellar",
    "memberIds": [
      "w_0059",
      "w_0056"
    ]
  },
  {
    "id": "tt_0121",
    "name": "Galactic & Astro",
    "memberIds": [
      "w_0048",
      "w_0041"
    ]
  },
  {
    "id": "tt_0122",
    "name": "Cosmic & Cosmic",
    "memberIds": [
      "w_0046",
      "w_0055"
    ]
  },
  {
    "id": "tt_0123",
    "name": "Lunar & Astro",
    "memberIds": [
      "w_0060",
      "w_0052"
    ]
  },
  {
    "id": "tt_0223",
    "name": "Carbon & Steel",
    "memberIds": [
      "w_0135",
      "w_0161"
    ]
  },
  {
    "id": "tt_0224",
    "name": "Gear & Industrial",
    "memberIds": [
      "w_0151",
      "w_0156"
    ]
  },
  {
    "id": "tt_0225",
    "name": "Forge & Iron",
    "memberIds": [
      "w_0146",
      "w_0157"
    ]
  },
  {
    "id": "tt_0226",
    "name": "Industrial & Steel",
    "memberIds": [
      "w_0145",
      "w_0127"
    ]
  },
  {
    "id": "tt_0227",
    "name": "Carbon & Circuit",
    "memberIds": [
      "w_0135",
      "w_0158"
    ]
  },
  {
    "id": "tt_0228",
    "name": "Gear & Circuit",
    "memberIds": [
      "w_0154",
      "w_0158"
    ]
  },
  {
    "id": "tt_0229",
    "name": "Industrial & Iron",
    "memberIds": [
      "w_0162",
      "w_0176"
    ]
  },
  {
    "id": "tt_0230",
    "name": "Carbon & Gear",
    "memberIds": [
      "w_0178",
      "w_0163"
    ]
  },
  {
    "id": "tt_0231",
    "name": "Forge & Industrial",
    "memberIds": [
      "w_0172",
      "w_0162"
    ]
  },
  {
    "id": "tt_0232",
    "name": "Circuit & Carbon",
    "memberIds": [
      "w_0167",
      "w_0168"
    ]
  },
  {
    "id": "tt_0344",
    "name": "Kaiju & Giga",
    "memberIds": [
      "w_0253",
      "w_0259"
    ]
  },
  {
    "id": "tt_0345",
    "name": "Neon & Omega",
    "memberIds": [
      "w_0243",
      "w_0266"
    ]
  },
  {
    "id": "tt_0346",
    "name": "Giga & Ultra",
    "memberIds": [
      "w_0264",
      "w_0268"
    ]
  },
  {
    "id": "tt_0347",
    "name": "Beast & Dragon",
    "memberIds": [
      "w_0270",
      "w_0239"
    ]
  },
  {
    "id": "tt_0348",
    "name": "Omega & Neon",
    "memberIds": [
      "w_0235",
      "w_0237"
    ]
  },
  {
    "id": "tt_0349",
    "name": "Kaiju & Neon",
    "memberIds": [
      "w_0267",
      "w_0262"
    ]
  },
  {
    "id": "tt_0350",
    "name": "Dragon & Neon",
    "memberIds": [
      "w_0255",
      "w_0247"
    ]
  },
  {
    "id": "tt_0351",
    "name": "Thunder & Dragon",
    "memberIds": [
      "w_0292",
      "w_0291"
    ]
  },
  {
    "id": "tt_0352",
    "name": "Neon & Giga",
    "memberIds": [
      "w_0280",
      "w_0293"
    ]
  },
  {
    "id": "tt_0353",
    "name": "Kaiju & Thunder",
    "memberIds": [
      "w_0296",
      "w_0292"
    ]
  },
  {
    "id": "tt_0354",
    "name": "Beast & Ultra",
    "memberIds": [
      "w_0290",
      "w_0295"
    ]
  },
  {
    "id": "tt_0457",
    "name": "Ranger & Dakota",
    "memberIds": [
      "w_0371",
      "w_0369"
    ]
  },
  {
    "id": "tt_0458",
    "name": "Coyote & Trailblazer",
    "memberIds": [
      "w_0380",
      "w_0372"
    ]
  },
  {
    "id": "tt_0459",
    "name": "Frontier & Trailblazer",
    "memberIds": [
      "w_0362",
      "w_0374"
    ]
  },
  {
    "id": "tt_0460",
    "name": "Trailblazer & Ranger",
    "memberIds": [
      "w_0364",
      "w_0361"
    ]
  },
  {
    "id": "tt_0461",
    "name": "Trailblazer & Ranger",
    "memberIds": [
      "w_0387",
      "w_0388"
    ]
  },
  {
    "id": "tt_0462",
    "name": "Dakota & Trailblazer",
    "memberIds": [
      "w_0365",
      "w_0364"
    ]
  },
  {
    "id": "tt_0463",
    "name": "Dusty & Ranger",
    "memberIds": [
      "w_0405",
      "w_0402"
    ]
  },
  {
    "id": "tt_0464",
    "name": "Ranger & Dakota",
    "memberIds": [
      "w_0400",
      "w_0394"
    ]
  },
  {
    "id": "tt_0465",
    "name": "Coyote & Dusty",
    "memberIds": [
      "w_0407",
      "w_0404"
    ]
  },
  {
    "id": "tt_0466",
    "name": "Coyote & Wild",
    "memberIds": [
      "w_0403",
      "w_0391"
    ]
  }
]