[
  {
    "id": "title_f83edf",
    "name": "OWL Solar World Championship",
    "federationId": "fed_owl_a53b0c",
    "brandIds": [],
    "gender": "male",
    "type": "single",
    "teamSize": 1,
    "prestige": 1000,
    "isActive": true,
    "gimmickRestrictions": {
      "requiredGimmickIds": [],
      "requiredGimmickNames": []
    },
    "description": "The top singles prize in OWL; no gimmicks—clean, decisive victories under the brightest lights."
  },
  {
    "id": "title_1ccd4e",
    "name": "OWL Twin-Star Tag Team Championship",
    "federationId": "fed_owl_a53b0c",
    "brandIds": [],
    "gender": "male",
    "type": "tag",
    "teamSize": 2,
    "prestige": 950,
    "isActive": true,
    "gimmickRestrictions": {
      "requiredGimmickIds": [],
      "requiredGimmickNames": []
    },
    "description": "The premier team prize—strictly traditional tag team bouts."
  },
  {
    "id": "title_b28ed2",
    "name": "OWL Lunar Women’s World Championship",
    "federationId": "fed_owl_a53b0c",
    "brandIds": [],
    "gender": "female",
    "type": "single",
    "teamSize": 1,
    "prestige": 930,
    "isActive": true,
    "gimmickRestrictions": {
      "requiredGimmickIds": [],
      "requiredGimmickNames": []
    },
    "description": "Top women’s singles title; prestige without gimmicks."
  },
  {
    "id": "title_da833d",
    "name": "OWL Nova Women’s Tag Team Championship",
    "federationId": "fed_owl_a53b0c",
    "brandIds": [],
    "gender": "female",
    "type": "tag",
    "teamSize": 2,
    "prestige": 900,
    "isActive": true,
    "gimmickRestrictions": {
      "requiredGimmickIds": [],
      "requiredGimmickNames": []
    },
    "description": "Elite women’s tag prize contested in classic tag rules."
  },
  {
    "id": "title_ef9e4f",
    "name": "OWL Interstellar Championship",
    "federationId": "fed_owl_a53b0c",
    "brandIds": [],
    "gender": "intergender",
    "type": "single",
    "teamSize": 1,
    "prestige": 880,
    "isActive": true,
    "gimmickRestrictions": {
      "requiredGimmickIds": [],
      "requiredGimmickNames": []
    },
    "description": "Workhorse title defended across TV and specials; often the last stop before the Solar crown."
  },
  {
    "id": "title_461a1f",
    "name": "OWL Zero-G Cruiser Championship",
    "federationId": "fed_owl_a53b0c",
    "brandIds": [],
    "gender": "intergender",
    "type": "single",
    "teamSize": 1,
    "prestige": 830,
    "isActive": true,
    "gimmickRestrictions": {
      "requiredGimmickIds": [],
      "requiredGimmickNames": []
    },
    "description": "High-flyers only; speed and risk define this division."
  },
  {
    "id": "title_466f4e",
    "name": "OWL Orbit Hardcore Championship",
    "federationId": "fed_owl_a53b0c",
    "brandIds": [],
    "gender": "intergender",
    "type": "single",
    "teamSize": 1,
    "prestige": 820,
    "isActive": true,
    "gimmickRestrictions": {
      "requiredGimmickIds": [
        "gim_5f8f90"
      ],
      "requiredGimmickNames": [
        "Hardcore Match"
      ]
    },
    "description": "24/7-style chaos and plunder; anything goes."
  },
  {
    "id": "title_fa869c",
    "name": "OWL Pulsar Trios Championship",
    "federationId": "fed_owl_a53b0c",
    "brandIds": [],
    "gender": "intergender",
    "type": "trio",
    "teamSize": 3,
    "prestige": 840,
    "isActive": true,
    "gimmickRestrictions": {
      "requiredGimmickIds": [],
      "requiredGimmickNames": []
    },
    "description": "Three-person units with dazzling combo offense."
  },
  {
    "id": "title_8ab12a",
    "name": "Red Shift Television Championship",
    "federationId": "fed_owl_a53b0c",
    "brandIds": [
      "brand_owlrs_b0d0fe"
    ],
    "gender": "intergender",
    "type": "single",
    "teamSize": 1,
    "prestige": 800,
    "isActive": true,
    "gimmickRestrictions": {
      "requiredGimmickIds": [],
      "requiredGimmickNames": []
    },
    "description": "Brand-exclusive TV belt with weekly defenses."
  },
  {
    "id": "title_a5c98f",
    "name": "Lunar Night Technical Championship",
    "federationId": "fed_owl_a53b0c",
    "brandIds": [
      "brand_owlln_20bd1f"
    ],
    "gender": "intergender",
    "type": "single",
    "teamSize": 1,
    "prestige": 805,
    "isActive": true,
    "gimmickRestrictions": {
      "requiredGimmickIds": [
        "gim_400541"
      ],
      "requiredGimmickNames": [
        "Submission Only"
      ]
    },
    "description": "Submission-centric belt spotlighting mat mastery."
  },
  {
    "id": "title_94627f",
    "name": "OWL Cosmic Ladder Championship",
    "federationId": "fed_owl_a53b0c",
    "brandIds": [],
    "gender": "intergender",
    "type": "single",
    "teamSize": 1,
    "prestige": 810,
    "isActive": true,
    "gimmickRestrictions": {
      "requiredGimmickIds": [
        "gim_c8501c"
      ],
      "requiredGimmickNames": [
        "Ladder Match"
      ]
    },
    "description": "Prize hung above the ring; ladder specialists reign."
  },
  {
    "id": "title_d66c90",
    "name": "ICW Iron World Championship",
    "federationId": "fed_icw_c774bb",
    "brandIds": [],
    "gender": "male",
    "type": "single",
    "teamSize": 1,
    "prestige": 1000,
    "isActive": true,
    "gimmickRestrictions": {
      "requiredGimmickIds": [],
      "requiredGimmickNames": []
    },
    "description": "The definitive ICW prize—decided straight-up, no gimmicks."
  },
  {
    "id": "title_e15dad",
    "name": "ICW Foundry Tag Team Championship",
    "federationId": "fed_icw_c774bb",
    "brandIds": [],
    "gender": "male",
    "type": "tag",
    "teamSize": 2,
    "prestige": 950,
    "isActive": true,
    "gimmickRestrictions": {
      "requiredGimmickIds": [],
      "requiredGimmickNames": []
    },
    "description": "Heavy industry meets precision teamwork; traditional tag rules."
  },
  {
    "id": "title_0aed81",
    "name": "ICW Women’s World Championship",
    "federationId": "fed_icw_c774bb",
    "brandIds": [],
    "gender": "female",
    "type": "single",
    "teamSize": 1,
    "prestige": 930,
    "isActive": true,
    "gimmickRestrictions": {
      "requiredGimmickIds": [],
      "requiredGimmickNames": []
    },
    "description": "Gritty, technical excellence defines the top women’s prize."
  },
  {
    "id": "title_2af766",
    "name": "ICW Women’s Tag Team Championship",
    "federationId": "fed_icw_c774bb",
    "brandIds": [],
    "gender": "female",
    "type": "tag",
    "teamSize": 2,
    "prestige": 900,
    "isActive": true,
    "gimmickRestrictions": {
      "requiredGimmickIds": [],
      "requiredGimmickNames": []
    },
    "description": "Calculated tandem offense and ironclad strategy."
  },
  {
    "id": "title_44b18a",
    "name": "ICW Grand Prix Championship",
    "federationId": "fed_icw_c774bb",
    "brandIds": [],
    "gender": "intergender",
    "type": "single",
    "teamSize": 1,
    "prestige": 880,
    "isActive": true,
    "gimmickRestrictions": {
      "requiredGimmickIds": [],
      "requiredGimmickNames": []
    },
    "description": "Points-league midcard title with defenses tied to rankings."
  },
  {
    "id": "title_38de78",
    "name": "ICW Pure Wrestling Championship",
    "federationId": "fed_icw_c774bb",
    "brandIds": [],
    "gender": "intergender",
    "type": "single",
    "teamSize": 1,
    "prestige": 840,
    "isActive": true,
    "gimmickRestrictions": {
      "requiredGimmickIds": [
        "gim_400541"
      ],
      "requiredGimmickNames": [
        "Submission Only"
      ]
    },
    "description": "Strict rope breaks and submission focus—purists’ favorite."
  },
  {
    "id": "title_923ad5",
    "name": "ICW Industrial Hardcore Championship",
    "federationId": "fed_icw_c774bb",
    "brandIds": [],
    "gender": "intergender",
    "type": "single",
    "teamSize": 1,
    "prestige": 820,
    "isActive": true,
    "gimmickRestrictions": {
      "requiredGimmickIds": [
        "gim_efb56a"
      ],
      "requiredGimmickNames": [
        "Brawl (Street Fight)"
      ]
    },
    "description": "Factory-floor brutality and falls-anywhere chaos."
  },
  {
    "id": "title_e3f6e9",
    "name": "ICW Trios Circuit Championship",
    "federationId": "fed_icw_c774bb",
    "brandIds": [],
    "gender": "intergender",
    "type": "trio",
    "teamSize": 3,
    "prestige": 835,
    "isActive": true,
    "gimmickRestrictions": {
      "requiredGimmickIds": [],
      "requiredGimmickNames": []
    },
    "description": "Three-person squads with tournament seeding implications."
  },
  {
    "id": "title_3f0e60",
    "name": "Main Line Television Championship",
    "federationId": "fed_icw_c774bb",
    "brandIds": [
      "brand_icwml_1f38f7"
    ],
    "gender": "intergender",
    "type": "single",
    "teamSize": 1,
    "prestige": 800,
    "isActive": true,
    "gimmickRestrictions": {
      "requiredGimmickIds": [],
      "requiredGimmickNames": []
    },
    "description": "Brand-exclusive TV defenses for traveling top seeds."
  },
  {
    "id": "title_865de3",
    "name": "Foundry Technical Medal",
    "federationId": "fed_icw_c774bb",
    "brandIds": [
      "brand_icwfn_45ecb2"
    ],
    "gender": "intergender",
    "type": "single",
    "teamSize": 1,
    "prestige": 805,
    "isActive": true,
    "gimmickRestrictions": {
      "requiredGimmickIds": [],
      "requiredGimmickNames": []
    },
    "description": "Workmanlike, grind-it-out battles honor the craft."
  },
  {
    "id": "title_c31467",
    "name": "KCW Titan World Championship",
    "federationId": "fed_kcw_ab70f0",
    "brandIds": [],
    "gender": "male",
    "type": "single",
    "teamSize": 1,
    "prestige": 1000,
    "isActive": true,
    "gimmickRestrictions": {
      "requiredGimmickIds": [],
      "requiredGimmickNames": []
    },
    "description": "The skyscraper-top prize—settled in epic, gimmick-free battles."
  },
  {
    "id": "title_d0399f",
    "name": "KCW MegaTag World Championship",
    "federationId": "fed_kcw_ab70f0",
    "brandIds": [],
    "gender": "male",
    "type": "tag",
    "teamSize": 2,
    "prestige": 950,
    "isActive": true,
    "gimmickRestrictions": {
      "requiredGimmickIds": [],
      "requiredGimmickNames": []
    },
    "description": "Two-on-two chaos with blockbuster double-teams."
  },
  {
    "id": "title_eda51c",
    "name": "KCW Neon Women’s World Championship",
    "federationId": "fed_kcw_ab70f0",
    "brandIds": [],
    "gender": "female",
    "type": "single",
    "teamSize": 1,
    "prestige": 930,
    "isActive": true,
    "gimmickRestrictions": {
      "requiredGimmickIds": [],
      "requiredGimmickNames": []
    },
    "description": "Top women’s prize amid neon spectacle, straight rules."
  },
  {
    "id": "title_5df51e",
    "name": "KCW Neon Women’s Tag Team Championship",
    "federationId": "fed_kcw_ab70f0",
    "brandIds": [],
    "gender": "female",
    "type": "tag",
    "teamSize": 2,
    "prestige": 900,
    "isActive": true,
    "gimmickRestrictions": {
      "requiredGimmickIds": [],
      "requiredGimmickNames": []
    },
    "description": "Fast-paced pairings with aerial double-teams."
  },
  {
    "id": "title_195443",
    "name": "KCW Arcade City Championship",
    "federationId": "fed_kcw_ab70f0",
    "brandIds": [],
    "gender": "intergender",
    "type": "single",
    "teamSize": 1,
    "prestige": 875,
    "isActive": true,
    "gimmickRestrictions": {
      "requiredGimmickIds": [],
      "requiredGimmickNames": []
    },
    "description": "A crowd-pleasing openweight with flashy challenges."
  },
  {
    "id": "title_3a0900",
    "name": "KCW Monster Trios Championship",
    "federationId": "fed_kcw_ab70f0",
    "brandIds": [],
    "gender": "intergender",
    "type": "trio",
    "teamSize": 3,
    "prestige": 845,
    "isActive": true,
    "gimmickRestrictions": {
      "requiredGimmickIds": [],
      "requiredGimmickNames": []
    },
    "description": "Three-hero teams vs. kaiju kings—pure comic-book energy."
  },
  {
    "id": "title_edbed0",
    "name": "KCW Skyline Hardcore Championship",
    "federationId": "fed_kcw_ab70f0",
    "brandIds": [],
    "gender": "intergender",
    "type": "single",
    "teamSize": 1,
    "prestige": 820,
    "isActive": true,
    "gimmickRestrictions": {
      "requiredGimmickIds": [
        "gim_6dbf5b"
      ],
      "requiredGimmickNames": [
        "Countouts Anywhere"
      ]
    },
    "description": "Falls count anywhere through the ‘city’ set."
  },
  {
    "id": "title_2127c2",
    "name": "Neon Rampage TV Championship",
    "federationId": "fed_kcw_ab70f0",
    "brandIds": [
      "brand_kcwnr_c230fa"
    ],
    "gender": "intergender",
    "type": "single",
    "teamSize": 1,
    "prestige": 800,
    "isActive": true,
    "gimmickRestrictions": {
      "requiredGimmickIds": [],
      "requiredGimmickNames": []
    },
    "description": "Weekly defenses featuring speed-run contenders."
  },
  {
    "id": "title_5cc891",
    "name": "Titan Circuit Heavyweight Cup",
    "federationId": "fed_kcw_ab70f0",
    "brandIds": [
      "brand_kcwtc_7cef0a"
    ],
    "gender": "male",
    "type": "single",
    "teamSize": 1,
    "prestige": 810,
    "isActive": true,
    "gimmickRestrictions": {
      "requiredGimmickIds": [],
      "requiredGimmickNames": []
    },
    "description": "Division-exclusive belt for the bruisers of Titan Circuit."
  },
  {
    "id": "title_d929d2",
    "name": "KCW Steel Skyline Tag",
    "federationId": "fed_kcw_ab70f0",
    "brandIds": [],
    "gender": "intergender",
    "type": "tag",
    "teamSize": 2,
    "prestige": 830,
    "isActive": true,
    "gimmickRestrictions": {
      "requiredGimmickIds": [
        "gim_2c944b"
      ],
      "requiredGimmickNames": [
        "Steel Cage"
      ]
    },
    "description": "Tag straps often defended in steel surroundings."
  },
  {
    "id": "title_976269",
    "name": "FSA World Trail Championship",
    "federationId": "fed_fsa_bbaa28",
    "brandIds": [],
    "gender": "male",
    "type": "single",
    "teamSize": 1,
    "prestige": 1000,
    "isActive": true,
    "gimmickRestrictions": {
      "requiredGimmickIds": [],
      "requiredGimmickNames": []
    },
    "description": "The campfire-told crown jewel—won in straight-up fights."
  },
  {
    "id": "title_48e6cc",
    "name": "FSA Stampede Tag Team Championship",
    "federationId": "fed_fsa_bbaa28",
    "brandIds": [],
    "gender": "male",
    "type": "tag",
    "teamSize": 2,
    "prestige": 950,
    "isActive": true,
    "gimmickRestrictions": {
      "requiredGimmickIds": [],
      "requiredGimmickNames": []
    },
    "description": "Legendary pairs defend across outposts; classic tag rules."
  },
  {
    "id": "title_6fd337",
    "name": "FSA Women’s World Championship",
    "federationId": "fed_fsa_bbaa28",
    "brandIds": [],
    "gender": "female",
    "type": "single",
    "teamSize": 1,
    "prestige": 930,
    "isActive": true,
    "gimmickRestrictions": {
      "requiredGimmickIds": [],
      "requiredGimmickNames": []
    },
    "description": "Hard-hitting heroics from trailblazing women."
  },
  {
    "id": "title_dcc7ea",
    "name": "FSA Women’s Tag Team Championship",
    "federationId": "fed_fsa_bbaa28",
    "brandIds": [],
    "gender": "female",
    "type": "tag",
    "teamSize": 2,
    "prestige": 900,
    "isActive": true,
    "gimmickRestrictions": {
      "requiredGimmickIds": [],
      "requiredGimmickNames": []
    },
    "description": "Territory-hopping tandems prove their grit."
  },
  {
    "id": "title_0e91a8",
    "name": "FSA Continental Championship",
    "federationId": "fed_fsa_bbaa28",
    "brandIds": [],
    "gender": "intergender",
    "type": "single",
    "teamSize": 1,
    "prestige": 880,
    "isActive": true,
    "gimmickRestrictions": {
      "requiredGimmickIds": [],
      "requiredGimmickNames": []
    },
    "description": "The working champion roams between regions, every town a test."
  },
  {
    "id": "title_416fcc",
    "name": "FSA Outpost Trios Championship",
    "federationId": "fed_fsa_bbaa28",
    "brandIds": [],
    "gender": "intergender",
    "type": "trio",
    "teamSize": 3,
    "prestige": 845,
    "isActive": true,
    "gimmickRestrictions": {
      "requiredGimmickIds": [],
      "requiredGimmickNames": []
    },
    "description": "Three-person posse titles defended in traveling circuits."
  },
  {
    "id": "title_9c9089",
    "name": "FSA Bunkhouse Brawl Championship",
    "federationId": "fed_fsa_bbaa28",
    "brandIds": [],
    "gender": "intergender",
    "type": "single",
    "teamSize": 1,
    "prestige": 820,
    "isActive": true,
    "gimmickRestrictions": {
      "requiredGimmickIds": [
        "gim_efb56a"
      ],
      "requiredGimmickNames": [
        "Brawl (Street Fight)"
      ]
    },
    "description": "Plunder and planks—anything goes in sawdust-laden melees."
  },
  {
    "id": "title_08291e",
    "name": "Trail West Television Championship",
    "federationId": "fed_fsa_bbaa28",
    "brandIds": [
      "brand_fsatw_4fcf9a"
    ],
    "gender": "intergender",
    "type": "single",
    "teamSize": 1,
    "prestige": 800,
    "isActive": true,
    "gimmickRestrictions": {
      "requiredGimmickIds": [],
      "requiredGimmickNames": []
    },
    "description": "Brand-exclusive defenses under string lights."
  },
  {
    "id": "title_2861d3",
    "name": "Stampede Heritage Championship",
    "federationId": "fed_fsa_bbaa28",
    "brandIds": [
      "brand_fsas_038fb0"
    ],
    "gender": "intergender",
    "type": "single",
    "teamSize": 1,
    "prestige": 805,
    "isActive": true,
    "gimmickRestrictions": {
      "requiredGimmickIds": [
        "gim_400541"
      ],
      "requiredGimmickNames": [
        "Submission Only"
      ]
    },
    "description": "Old-school rules and pride; a purist’s strap."
  },
  {
    "id": "title_5ef725",
    "name": "FSA Lumberjack Tag",
    "federationId": "fed_fsa_bbaa28",
    "brandIds": [],
    "gender": "intergender",
    "type": "tag",
    "teamSize": 2,
    "prestige": 830,
    "isActive": true,
    "gimmickRestrictions": {
      "requiredGimmickIds": [
        "gim_d6bdb0"
      ],
      "requiredGimmickNames": [
        "Lumberjack Match"
      ]
    },
    "description": "Frontier chaos with the locker room ringside."
  }
]